tiny_dog,0.125
scientific_illustration,0.097
bygone_age,-0.024
old_books,0.021
long_socks,-0.021
natural_beauty,-0.053
classic_trucks,0.039
shiny_legs,0.166
long_race,-0.042
outdoor_advertising,0.004
crazy_donkey,-0.127
lost_cat,-0.332
funny_stuff,0.156
classic_chevy,0.039
diving_couples,0.125
fluffy_dog,0.125
sticky_rice,-0.054
big_site,0.023
open_tech,-0.053
soft_toy,-0.023
beautiful_clouds,0.488
wild_wings,-0.021
creative_studio,0.035
fat_face,-0.063
high_prairie,0.025
gothic_theatre,-0.041
cold_beer,-0.216
big_boobs,0.023
happy_people,0.324
long_lashes,-0.021
slow_sync,-0.031
sexy_lips,0.446
professional_athlete,0.006
sunny_cove,0.25
cracked_paint,-0.036
dark_tourism,-0.062
open_season,-0.106
wild_touch,-0.043
ultimate_peace,-0.039
fishy_strawberry,-0.062
wet_day,-0.003
big_tree,0.023
abandoned_hospital,-0.195
creative_leadership,0.035
gothic_festival,-0.041
affordable_homes,0.125
spread_wings,0.003
skeletal_mess,0.031
contemporary_culture,0.061
spiritual_blessing,0.545
lovely_people,0.285
popular_library,0.011
empty_beach,0.07
evil_dog,-0.991
popular_music,0.161
stunning_women,0.076
cheap_time,-0.516
liberal_democrats,0.057
electric_locomotive,-0.036
sacred_architecture,0.07
happy_baby,1.148
great_grandmother,0.364
modern_luxury,1.006
model_building,0.196
scenic_landscape,0.031
wonderful_women,0.531
wild_insect,-0.074
teen_night,0.047
fine_wine,0.328
dyed_hair,-0.125
frozen_reality,-0.239
celestial_phenomenon,0.161
magical_place,0.219
antique_glass,-0.013
fantastic_places,0.281
vocal_music,-0.012
tall_trees,-0.062
running_horse,0.005
true_friends,0.871
colourful_flowers,0.004
abandoned_factory,-0.098
hard_park,-0.054
open_window,-0.053
lovely_flowers,0.285
old_course,0.021
big_box,0.069
cracked_mirror,-0.073
secret_beach,0.006
floral_dress,0.005
beautiful_garden,0.488
serious_summer,-0.162
windy_day,-0.117
magic_eye,-0.062
easy_living,0.035
beautiful_day,0.986
old_signs,0.021
abandoned_railroad,-0.098
golden_princess,0.123
endless_book,0.01
medieval_market,-0.003
broken_nails,-0.155
spooky_empire,-0.07
old_highway,0.021
old_advertising,0.021
small_child,-0.156
beautiful_scene,0.977
unanimous_winner,0.529
small_animals,-0.078
medical_team,0.008
crowded_house,0.008
old_vehicles,0.021
great_apes,0.364
gold_medal,-0.004
beautiful_couple,0.977
shattered_faith,-0.25
pretty_flowers,0.246
legal_help,0.06
small_city,-0.078
colourful_life,0.012
beautiful_children,0.488
colorful_background,0.007
silver_jewelry,0.051
scientific_study,0.039
famous_people,0.07
romantic_weekend,0.414
minor_threat,-1.305
global_shop,-0.031
little_beach,-0.056
excellent_flowers,0.75
dramatic_tone,0.09
rainy_day,-0.062
crazy_cat,-0.255
great_stuff,0.729
big_lagoon,0.023
good_friends,1.455
plastic_doll,0.042
calm_sea,0.203
single_flower,-0.136
scenic_highway,0.015
real_talk,-0.025
usual_suspects,0.008
antique_jewelry,-0.026
indoor_events,0.004
outdoor_music,0.161
magic_wings,-0.031
slow_speed,-0.031
fighting_game,-0.517
floral_school,0.003
progressive_trance,0.62
contemporary_dance,0.003
loyal_orders,0.211
sacred_concert,0.07
open_publishing,-0.053
nice_face,1.003
ancient_village,-0.004
modern_love,1.139
grand_adventure,0.519
grand_star,0.459
nice_car,0.502
dark_rides,-0.062
romantic_wedding,0.414
savage_river,-0.308
cold_weather,-0.216
global_strategy,-0.062
pretty_baby,0.992
industrial_building,0.039
stormy_clouds,-0.293
bad_boy,-0.714
severe_thunderstorm,-0.228
candid_portraiture,0.034
simple_life,0.013
high_places,0.025
low_impact,-0.527
floating_dock,-0.053
big_thunder,0.023
early_winter,-0.005
spooky_cross,-0.735
ancient_wisdom,-0.008
bad_company,-0.357
nice_capture,1.003
unusual_light,-0.078
awesome_cars,0.75
cute_kitten,0.285
true_story,0.371
foreign_exchange,-0.437
industrial_strength,0.106
late_evening,-0.006
indirect_light,-0.228
sensual_dance,-0.031
gorgeous_day,1.071
full_speed,0.008
perfect_light,0.983
broken_city,-0.155
abandoned_boys,-0.098
funny_face,0.156
natural_perfume,-0.053
golden_plate,0.123
famous_life,0.145
lovely_moment,0.58
severe_storm,-1.045
big_rocks,0.023
awesome_wedding,0.75
peaceful_demonstration,0.112
masked_ball,-0.117
painted_boxcar,-0.01
rusty_truck,-0.203
holy_mass,0.062
favorite_place,0.16
traditional_wear,0.125
classic_wheels,0.039
blank_dogs,-0.107
cute_pets,0.285
newborn_girl,0.011
exotic_flowers,0.312
beautiful_light,1.017
beautiful_ladies,0.488
electric_forest,-0.036
light_display,-0.007
special_day,0.272
golden_child,0.251
magic_cards,-0.031
industrial_metal,0.039
small_trade,-0.156
gorgeous_women,0.531
crazy_geniuses,-0.127
rocky_valley,-0.129
arctic_sunrise,-0.141
amazing_nature,1.019
common_gull,-0.041
light_motion,-0.016
classic_cars,0.039
native_animals,0.002
cold_porcelain,-0.433
dead_flowers,-0.355
ornamental_plants,0.07
last_minutes,-0.034
clean_room,0.152
modern_tiles,0.018
golden_clouds,0.123
remarkable_oblivion,0.328
moving_clouds,0.065
orthodox_wedding,0.065
early_summer,-0.005
religious_festival,-0.01
painted_lady,-0.02
colorful_world,0.003
industrial_site,0.039
classic_theatre,0.039
expectant_mother,0.098
blind_cat,-0.523
late_sun,-0.013
spectacular_landscapes,0.393
full_service,0.008
clear_springs,0.084
candid_streetshots,0.034
romantic_love,1.93
classic_driver,0.039
rising_tide,0.078
adopted_dog,0.25
concrete_texture,0.211
yummy_food,0.5
outdoor_shows,0.004
great_times,0.854
outdoor_research,0.004
hard_life,-0.109
secret_place,0.006
magic_dreams,-0.031
conservative_party,-0.025
professional_wedding,0.006
smooth_water,0.04
wild_country,-0.021
tall_tales,-0.062
empty_seat,0.07
cute_bunny,0.285
good_people,0.478
original_painting,-0.031
visual_mashups,-0.035
dark_eyes,-0.124
classic_beauty,1.266
aerial_performance,-0.039
healthy_lifestyle,0.214
hidden_face,-0.286
sleepy_eyes,-0.125
fresh_eyes,-0.105
classic_rally,0.078
antique_radio,-0.013
left_arm,-0.029
dark_mark,-0.128
painted_sky,-0.01
elementary_science,-0.057
wet_challenge,-0.475
mad_cat,-0.244
lost_city,-0.165
awesome_blossoms,0.75
thin_man,0.005
fast_cars,0.004
homeless_man,-0.508
classic_wings,0.039
tall_buildings,-0.062
open_mouth,-0.053
domestic_violence,0.003
silly_girl,-0.461
easy_action,0.086
global_gathering,-0.031
friendly_game,0.375
holy_island,0.062
historic_reenactment,0.035
fake_fur,-0.916
old_guard,0.021
old_people,0.021
snowy_river,0.013
fit_chicks,0.159
exotic_dancer,0.312
bad_cat,-0.716
great_portrait,0.364
great_smile,1.745
moving_truck,0.161
mysterious_island,-0.019
golden_rose,0.123
active_kids,-0.005
dark_lady,-0.124
sweet_life,0.393
silent_hill,-0.022
working_dog,0.016
golden_ears,0.123
bright_sun,0.022
high_country,0.025
dead_frog,-0.355
cute_girl,0.573
tropical_depression,-1.609
working_women,0.008
formal_gown,0.006
crazy_eyes,-0.253
proud_parents,0.41
toothy_smile,1.266
exotic_birds,0.312
good_smile,1.971
cheap_girls,-0.258
industrial_culture,0.134
healing_garden,0.383
popular_party,0.004
creative_agency,0.035
little_trip,-0.167
good_boy,0.967
scenic_drive,0.056
real_beauty,-0.019
inanimate_objects,-0.188
painted_figure,-0.031
light_installation,-0.007
antique_vehicles,-0.013
super_cars,0.047
votive_candles,0.008
elderly_woman,0.125
historic_virginia,0.035
late_summer,-0.006
wet_leaves,-0.002
rotten_places,-0.364
medieval_combat,-0.505
slow_water,-0.062
global_challenge,-0.534
torn_paper,-0.203
interesting_clouds,0.196
empty_frame,0.147
floral_display,0.003
pretty_feet,0.246
bad_manners,-0.357
open_days,-0.053
good_mood,0.478
broken_window,-0.155
abandoned_graffiti,-0.211
colorful_sunsets,0.003
outdoor_track,0.008
abandoned_tunnel,-0.098
great_depression,0.729
next_generation,-0.003
full_circle,0.008
historic_village,0.035
creative_director,0.035
historic_downtown,0.035
great_tower,0.734
mixed_bag,-0.039
wild_duck,-0.047
artistic_portrait,0.193
standing_rock,-0.159
creative_play,0.07
happy_vacation,0.324
old_village,0.021
long_dress,-0.047
high_creativity,0.065
dry_forest,-0.057
remote_cabin,0.003
global_fund,-0.031
exotic_animals,0.312
lucky_charms,1.38
naked_men,-0.015
good_food,0.955
odd_future,-0.021
classical_guitar,0.022
fresh_start,-0.111
electric_rail,-0.036
medieval_fortress,-0.003
colourful_places,0.004
future_bank,0.004
commercial_building,-0.094
cold_air,-0.216
classic_vehicles,0.039
single_tracks,-0.068
broken_toys,-0.155
criminal_culture,-0.526
liquid_amber,0.018
strange_cargo,-0.003
abandoned_castle,-0.098
industrial_equipment,0.039
creative_comments,0.035
golden_beach,0.123
magic_circle,-0.031
antique_lighting,-0.03
pregnant_woman,-0.039
glacial_lake,-0.222
medieval_glass,-0.003
hairy_men,-0.031
golden_sun,0.25
antique_bronze,-0.013
natural_tunnel,-0.026
single_trail,-0.068
bad_robot,-0.357
small_mammal,-0.078
nice_composition,0.502
soft_tone,-0.02
domestic_life,0.007
cuddly_toy,0.641
classic_racing,0.039
symphonic_rock,0.538
morbid_angel,-0.292
professional_sport,0.013
colored_hair,-0.031
ancient_times,-0.008
averted_vision,-0.278
gothic_architecture,-0.041
magic_garden,-0.031
pretty_bird,0.492
long_blackhair,-0.021
magical_map,0.219
hot_drink,0.047
thin_ice,0.002
crazy_people,-0.127
sour_grapes,-0.197
big_moon,0.049
dark_canyon,-0.062
great_wolf,0.364
educational_program,0.015
gentle_river,0.147
buried_treasure,-0.391
amazing_places,0.484
low_speed,-0.264
extreme_fun,-0.004
good_job,0.955
bad_driver,-0.357
open_air,-0.053
creative_education,0.156
big_eyes,0.234
sweet_cat,0.389
high_floor,0.049
grand_ensemble,0.457
gold_bridge,-0.004
cute_cosplay,0.285
real_life,-0.019
beautiful_homes,0.488
old_wall,0.043
sacred_moon,0.144
old_orchard,0.021
open_bible,-0.053
colorful_leaves,0.003
magical_beauty,1.626
plastic_toys,0.042
old_stuff,0.043
wild_deer,-0.021
teen_boy,0.059
floral_crown,0.005
protective_clothing,0.003
little_farm,-0.056
actual_day,0.037
happy_star,0.65
bad_quality,-0.714
cold_snow,-0.216
floral_print,0.003
haunted_trail,0.036
real_tree,-0.009
final_tour,-0.065
little_dog,-0.29
happy_days,0.324
nice_guy,0.502
electric_cars,-0.036
little_boy,-0.111
incidental_people,-0.081
cool_places,0.158
floral_pattern,0.042
special_delivery,0.263
clear_day,0.177
big_tent,0.023
scenic_train,0.015
natural_monument,-0.053
modern_wing,0.018
old_computer,0.021
catholic_faith,0.695
magic_kids,-0.031
electric_trams,-0.036
beautiful_autumn,0.488
electrical_engineering,0.004
beautiful_legs,1.039
cool_dude,0.158
circular_needles,0.011
industrial_accident,0.078
personal_courage,0.441
stormy_day,-0.586
low_floor,-0.533
experimental_architecture,0.042
creative_direction,0.072
great_glen,0.364
sunny_beach,0.25
natural_world,-0.026
industrial_plant,0.078
long_weekend,-0.021
tropical_beach,-0.021
secret_cove,0.006
fine_line,0.656
large_breed,0.04
beautiful_sunset,0.488
fine_cuisine,0.328
special_effect,0.263
concrete_sculpture,0.082
great_job,0.729
lost_sea,-0.335
true_temper,0.371
rough_water,-0.538
fantastic_planet,0.281
artificial_leg,-0.104
dark_souls,-0.062
professional_dancing,0.006
beautiful_people,0.488
spiritual_journey,0.01
dark_area,-0.062
long_eyelashes,-0.021
grand_buddha,0.228
young_age,0.009
old_aberdeen,0.021
beautiful_city,0.488
big_snow,0.023
dark_field,-0.062
great_plains,0.364
comic_life,0.129
antique_silver,-0.013
little_chef,-0.056
giant_petrel,0.07
modern_lighting,0.037
cute_birds,0.285
modern_kitchen,0.018
ancient_town,-0.004
historic_costume,0.07
raw_space,-0.185
raw_reflex,-0.091
medical_emergency,0.016
holy_cross,0.125
light_rays,-0.007
running_bike,0.005
industrial_archeology,0.039
outdoor_wedding,0.004
running_track,0.01
spooky_town,-0.07
empty_bottle,0.07
sweet_ride,0.389
secret_party,0.006
low_perspective,-0.264
bald_tree,-0.091
colored_lights,-0.031
nice_shoot,1.003
classic_mustang,0.039
magic_mirror,-0.062
weird_plant,-0.422
small_architecture,-0.078
wild_nature,-0.043
outdoor_living,0.004
outdoor_cinema,0.004
reproductive_system,0.074
medical_illustration,0.082
rolling_road,0.008
natural_park,-0.026
haunted_attraction,0.639
dark_hollow,-0.624
rude_awakening,-0.234
gorgeous_eyes,1.25
broken_teeth,-0.155
amazing_adventure,1.031
sexy_pose,0.891
bright_life,0.023
dirty_money,-0.263
mad_bear,-0.121
thin_line,0.004
drunk_men,-0.125
native_trees,0.002
warm_glass,0.01
floral_arrangement,0.003
indoor_portrait,0.004
fake_vintage,-0.914
fake_beard,-0.453
grand_staircase,0.228
golden_pond,0.123
antique_furniture,-0.013
modern_furniture,0.018
extra_action,-0.083
happy_wedding,0.324
exotic_vacation,0.312
global_service,-0.031
funny_animal,0.156
heavy_artillery,-0.013
gothic_sculpture,-0.041
happy_couple,0.648
sandy_beach,-0.004
simple_man,0.01
giant_screen,0.07
comic_strip,0.125
organic_vegetables,0.044
special_shape,0.314
small_flower,-0.156
antique_gold,-0.026
acting_performance,0.032
cute_animal,0.57
bold_dog,0.161
mythical_beast,-0.132
slow_party,-0.031
abandoned_structure,-0.098
outdoor_installation,0.004
haunted_hospital,0.096
divine_mother,0.222
ruined_city,-0.213
floral_fantasy,0.005
stormy_seas,-0.293
lazy_dog,-0.429
medical_research,0.008
future_car,0.004
sleepy_dog,-0.304
burning_sun,-0.234
bad_news,-0.714
tropical_scenery,-0.021
great_race,0.732
small_breed,-0.078
young_money,0.009
sweet_food,0.389
spooky_cemetery,-0.07
poor_boys,-0.306
deep_creek,0.025
active_holidays,-0.005
magic_mushrooms,-0.031
heavy_vehicles,-0.013
big_valley,0.023
lucky_soul,0.44
medieval_reenactment,-0.003
rough_sea,-0.543
naked_women,-0.015
outdoor_class,0.063
antique_truck,-0.026
super_dogs,0.047
illegal_immigration,-0.281
relentless_energy,-0.289
golden_hall,0.123
amazing_grace,2.16
wet_dog,-0.182
technical_illustration,0.119
light_walk,-0.014
small_dog,-0.335
competitive_eating,0.039
tropical_plants,-0.021
organic_soap,0.044
bare_branches,-0.068
big_river,0.023
medieval_castle,-0.003
industrial_steam,0.039
native_dances,0.002
outdoor_learning,0.078
young_animal,0.019
brutal_truth,-0.758
junior_school,-0.104
forgotten_realm,-0.031
rich_people,0.062
haunted_castle,0.036
fluorescent_lamp,0.035
real_deal,-0.009
special_order,0.265
extreme_fitness,-0.004
little_baby,-0.111
safe_haven,0.164
funny_people,0.078
cosmopolitan_city,-0.011
slow_boat,-0.031
dark_beach,-0.062
good_cause,0.955
great_people,0.364
natural_landscape,-0.069
future_loss,0.008
flightless_bird,-0.263
broken_ankle,-0.155
light_trails,-0.007
sad_clown,-1.342
magic_moments,-0.031
old_public,0.021
living_food,0.102
pretty_nails,0.246
smart_study,0.37
rare_bird,-0.13
sexy_women,0.446
full_day,0.025
natural_excellence,-0.053
prepared_food,0.182
historic_event,0.035
old_lady,0.048
outdoor_challenge,0.008
golden_sands,0.123
sexy_boy,0.903
dead_fish,-0.355
electric_storm,-0.662
funny_shirts,0.078
gold_life,-0.008
different_view,0.019
old_window,0.021
funky_monkey,-0.086
crying_baby,-1.172
personal_project,0.025
hot_babes,0.017
sedimentary_rock,-0.062
beautiful_capture,0.977
good_feelings,1.189
classic_racer,0.039
fake_party,-0.453
strong_light,0.043
flat_roof,-0.036
funny_farm,0.078
wet_bar,-0.002
changing_table,0.07
indoor_rowing,0.004
tropical_park,-0.021
super_series,0.047
beautiful_strangers,0.488
happy_face,0.648
gothic_church,-0.041
crazy_kids,-0.127
open_university,-0.053
cool_hair,0.158
orthodox_christianity,0.065
running_event,0.005
gold_cat,-0.01
little_scream,-1.632
traditional_craft,0.209
wild_child,-0.043
endangered_wildlife,-0.321
stylish_disco,0.308
real_skin,-0.009
narrow_water,0.034
gold_dress,-0.013
visual_poetry,-0.093
evil_eye,-0.812
good_music,1.108
skinny_girl,0.105
light_gold,-0.014
young_women,0.009
distant_journey,0.008
beautiful_eyes,1.165
electrical_box,0.031
paid_job,0.177
prime_macro,0.053
crazy_hair,-0.127
feral_pigeon,-0.07
golden_book,0.123
traditional_dancers,0.062
cute_kids,0.285
outdoor_portrait,0.004
industrial_engineering,0.039
wild_play,-0.057
old_belvedere,0.021
holy_lake,0.062
old_cars,0.021
sexual_assault,0.068
developed_country,0.024
creative_center,0.071
antique_cars,-0.013
fluorescent_light,0.11
medical_school,0.008
special_convention,0.132
personal_space,0.05
deviant_scrap,0.234
old_bus,0.043
modern_house,0.018
wet_bikini,-0.002
equal_vision,0.008
classic_space,0.078
tropical_trees,-0.021
abandoned_hotel,-0.098
high_speed,0.025
great_fen,0.364
medieval_festival,-0.003
bright_moon,0.022
magnetic_poetry,0.128
standing_water,-0.159
elementary_age,-0.029
magic_light,-0.062
extreme_activity,-0.004
wild_world,-0.021
good_train,0.478
full_dress,0.016
working_man,0.017
selfless_service,0.383
plastic_cup,0.085
light_sport,-0.05
fluffy_kitten,0.062
frozen_sea,-0.244
twisted_wheel,0.008
paranormal_activity,-0.414
little_sir,-0.056
commercial_property,-0.094
indoor_pool,0.01
small_business,-0.156
ancient_observatory,-0.004
old_factory,0.021
stone_beach,0.008
single_light,-0.136
tropical_fruit,-0.021
premature_baby,-0.021
open_community,-0.053
beautiful_lady,0.982
nice_house,0.502
long_necklace,-0.021
tiny_bird,0.125
broken_bridge,-0.155
seamless_background,0.205
bad_ideas,-0.357
colored_shadows,-0.031
open_life,-0.106
painted_wall,-0.069
funny_signs,0.078
big_brothers,0.023
plastic_model,0.113
healthy_kids,0.214
exotic_destination,0.312
perennial_garden,0.003
funny_cats,0.078
silent_scream,-1.565
living_dolls,0.051
elementary_education,-0.057
electric_motor,-0.073
golden_arrow,0.123
stunning_scenery,0.076
fresh_pond,-0.052
playing_field,0.125
early_bay,-0.017
dirty_couple,-0.541
golden_wedding,0.123
naked_girls,-0.015
high_mountain,0.025
hot_boys,0.017
nether_lane,-0.011
liquid_science,0.044
outdoor_bars,0.004
cultivated_landscape,0.135
great_fire,0.729
creative_training,0.273
temporary_tattoos,0.047
old_lamp,0.021
traditional_clothes,0.062
missing_link,-0.285
real_toy,-0.025
protected_species,-0.562
happy_weekend,0.324
camp_staff,-0.094
tired_pony,-0.144
lovely_doll,0.285
professional_lighting,0.013
short_bed,-0.153
global_network,-0.031
domestic_cat,0.003
wild_plants,-0.021
low_flow,-0.264
monumental_sculpture,0.094
broken_doll,-0.155
floral_garden,0.003
broken_tree,-0.155
dark_humor,-0.124
dead_people,-0.355
golden_spike,0.248
experimental_technique,0.042
fallen_hero,-0.02
friendly_freckles,0.188
sparkling_heart,0.07
single_view,-0.205
amazing_hair,0.484
open_studio,-0.053
spectacular_nature,0.836
hot_party,0.017
dirty_diaper,-0.263
hidden_gem,-0.276
scenic_view,0.031
scary_places,-0.656
environmental_disaster,-0.638
bad_reaction,-0.714
snowy_weather,0.013
global_change,-0.062
formal_ball,0.006
silver_wire,0.018
exotic_carshow,0.312
skinny_legs,0.164
sparkling_water,0.011
extreme_closeup,-0.002
dead_grass,-0.355
snowy_plover,0.013
small_stuff,-0.169
bottom_bracket,-0.039
empty_shop,0.07
natural_pool,-0.053
formal_portrait,0.006
extreme_weather,-0.002
pretty_women,0.246
weird_portrait,-0.203
historic_highway,0.035
attractive_women,0.276
global_health,-0.062
derelict_light,-0.105
smart_people,0.181
morbid_death,-1.388
electric_hybrid,-0.036
crescent_moon,0.065
small_scale,-0.167
tiny_people,0.062
cool_office,0.158
cold_cave,-0.216
dead_roses,-0.355
full_sun,0.019
native_wildlife,0.002
muddy_river,-0.252
long_distance,-0.045
high_spirits,0.025
original_drawing,-0.031
original_pattern,-0.062
beautiful_freak,0.977
gothic_statue,-0.041
circular_polariser,0.011
big_nose,0.064
hot_wings,0.017
native_flowers,0.002
clear_glass,0.084
modern_decor,0.018
dark_comedy,-0.062
muddy_couple,-0.52
frozen_landscape,-0.255
late_fall,-0.038
beautiful_birds,0.488
hot_studio,0.017
gold_city,-0.004
strange_boys,-0.003
famous_buildings,0.07
crazy_children,-0.127
open_light,-0.106
sexy_santa,0.953
natural_phenomena,-0.026
electric_eye,-0.073
beautiful_weddings,0.488
sexy_lady,0.896
incredible_nature,0.55
fake_moustache,-0.453
bad_lighting,-0.718
little_boots,-0.056
beautiful_soap,0.488
classical_dance,0.022
classic_metal,0.039
soulful_flower,-0.234
natural_springs,-0.026
rocky_bay,-0.265
sexy_body,0.446
dry_season,-0.114
high_boots,0.025
rotten_sound,-0.364
stunning_views,0.076
hot_cosplay,0.017
ornamental_gardens,0.07
light_scars,-0.007
sad_times,-1.286
modern_era,0.037
classic_yacht,0.039
endangered_animal,-0.782
traditional_medicine,0.141
glacial_ice,-0.222
environmental_pollution,-0.503
traditional_dancing,0.062
dark_fairy,-0.132
fake_house,-0.453
wet_print,-0.002
old_master,0.087
blank_canvas,-0.107
dirty_land,-0.525
sharp_teeth,0.008
teen_room,0.082
delicious_food,1.031
beautiful_cupcakes,0.488
dramatic_theater,0.045
empty_road,0.07
dark_forest,-0.062
short_stay,-0.076
long_canyon,-0.021
extra_favorite,-0.083
shared_space,0.008
rustic_cabin,0.003
modern_movement,0.037
industrial_waste,0.078
cute_puppy,0.285
empty_house,0.07
magical_music,0.591
sexy_arms,0.446
scenic_route,0.015
mature_men,0.009
royal_bank,0.029
good_magazine,0.478
gold_eyes,-0.008
waiting_people,0.031
wild_endurance,-0.043
modern_surrealism,0.018
blooming_tree,-0.024
tiny_planet,0.062
silent_protest,-0.544
blank_space,-0.216
magic_lantern,-0.031
wet_nose,-0.003
old_pier,0.021
colored_background,-0.062
closed_door,-0.07
hot_pools,0.017
skinny_jeans,0.051
cool_valley,0.158
interior_decoration,0.014
sunny_day,0.509
stuffed_bear,-0.035
cloudy_sunset,-0.008
golden_king,0.25
holy_buildings,0.062
big_force,0.046
rounded_edges,0.031
altered_sign,-0.005
historic_hotel,0.035
normal_skin,-0.002
handsome_boy,0.832
cute_soap,0.285
fabulous_flowers,0.364
tropical_butterflies,-0.021
industrial_ruins,0.039
armoured_vehicle,-0.008
lost_river,-0.165
bad_hair,-0.357
wild_grass,-0.021
fair_contract,0.315
large_family,0.04
silly_faces,-0.23
wet_jeans,-0.002
interesting_cat,0.391
wet_lady,-0.003
sweet_tea,0.195
little_guy,-0.056
historic_buildings,0.035
teen_magazine,0.024
bright_sunshine,0.483
last_flight,-0.068
abandoned_warehouse,-0.098
official_wedding,0.006
outdoor_lighting,0.008
high_road,0.025
lost_bear,-0.165
frozen_river,-0.119
young_friends,0.519
wet_shirt,-0.002
deep_bay,0.05
deep_thought,0.05
dead_nature,-0.711
clean_city,0.059
dry_leaves,-0.057
great_work,0.731
special_operations,0.132
high_relief,0.57
baked_goods,-0.015
smiling_girl,0.612
wild_water,-0.043
traditional_architecture,0.062
late_dinner,-0.006
extra_evil,-1.119
final_year,-0.065
grand_oasis,0.228
outdoor_dining,0.004
open_world,-0.053
real_word,-0.009
sandy_shoreline,-0.004
contemporary_realism,0.011
tropical_reef,-0.021
sitting_buddha,-0.141
wild_geranium,-0.021
sexy_guy,0.446
derelict_hospital,-0.105
wet_feet,-0.002
magic_places,-0.031
static_electricity,-0.38
abandoned_prison,-0.703
plastic_surgery,0.042
used_car,0.021
special_livery,0.132
dark_skies,-0.062
real_love,-0.019
open_class,-0.106
true_beauty,1.559
strange_insect,-0.036
open_forest,-0.053
dilapidated_building,-0.07
deep_freeze,0.025
sweet_baby,0.889
little_angel,-0.111
sacred_place,0.07
open_wear,-0.127
venomous_snakes,-0.656
forced_perspective,-0.045
dramatic_lighting,0.09
fresh_fruit,-0.052
pure_street,0.068
sacred_lotus,0.07
global_protest,-0.562
broken_neck,-0.155
linear_park,0.006
magic_fountain,-0.066
favorite_garden,0.16
favorite_landscape,0.32
living_rooms,0.051
interior_painting,0.014
healthy_coffee,0.214
bright_hills,0.009
shot_tower,-0.25
evil_cat,-0.814
religious_symbol,-0.01
smart_light,0.402
wild_berries,-0.021
wasted_time,-0.461
big_book,0.023
traditional_culture,0.181
clean_water,0.12
smart_house,0.181
sweet_cafe,0.195
raw_conversion,-0.183
happy_birthday,1.148
long_drive,-0.042
broad_street,0.071
contemporary_house,0.003
light_wind,-0.014
little_friend,-0.111
sound_house,0.161
antique_key,-0.026
native_dancers,0.002
beautiful_bali,0.488
young_love,1.121
modern_apartment,0.018
dirty_girl,-0.525
funny_accident,0.156
broken_plates,-0.155
floating_house,-0.053
industrial_lighting,0.078
healthy_chocolate,0.214
raw_street,-0.183
fit_girls,0.159
golden_labrador,0.123
senior_school,0.065
high_socks,0.025
big_weekend,0.023
legal_wall,0.013
plastic_bullet,0.083
fit_life,0.322
presidential_building,-0.015
scenic_world,0.015
common_frog,-0.041
fantastic_world,0.281
cute_children,0.285
straight_hair,-0.009
tropical_vacation,-0.021
mad_scientist,-0.121
rapid_response,0.163
full_time,0.097
electric_power,-0.073
prime_tower,0.111
hot_toys,0.017
medieval_village,-0.003
outdoor_gardens,0.004
serene_lakes,-0.024
naked_feet,-0.015
bad_food,-0.719
burning_sky,-0.117
native_habitats,0.002
humanitarian_relief,0.716
plastic_food,0.083
classic_sportscar,0.039
light_rain,-0.007
perfect_trip,0.943
historic_monument,0.075
sweet_face,0.389
grand_avenue,0.228
grand_union,0.228
creative_space,0.07
broken_column,-0.31
little_break,-0.111
lazy_day,-0.25
religious_studies,-0.01
perfect_petals,0.472
running_group,0.005
great_room,0.764
special_friend,0.779
open_gate,-0.053
running_festival,0.005
sexual_abuse,0.068
native_bee,0.002
magic_house,-0.031
beautiful_figure,0.977
high_fire,0.049
painted_train,-0.01
modern_sculpture,0.018
rapid_transit,0.062
giant_bubbles,0.07
painted_background,-0.02
old_desktop,0.021
nude_painting,0.117
sunny_sky,0.25
happy_cat,0.648
wild_dog,-0.222
nice_day,1.012
magic_hour,-0.031
light_vehicles,-0.007
deserted_house,-0.07
little_wing,-0.056
hidden_beauty,-0.276
medical_practice,0.053
wonderful_world,0.531
troubled_youth,-0.914
gothic_jewelry,-0.081
bad_habits,-0.357
light_shade,-0.037
little_prince,-0.056
used_books,0.021
sexy_model,0.921
young_kids,0.009
beautiful_expression,0.977
alive_project,0.079
modern_home,0.044
creative_teaching,0.112
colourful_bird,0.008
prominent_persons,0.074
lovely_couple,0.57
real_music,-0.019
angry_face,-1.052
good_god,0.959
educational_posters,0.015
little_bud,-0.111
divine_love,1.545
creepy_crawlies,-0.254
long_exsposure,-0.021
traditional_boats,0.062
waiting_room,0.097
dark_world,-0.062
extended_stay,0.008
high_density,0.025
wild_flowers,-0.021
special_service,0.132
ordinary_people,0.004
creative_theme,0.073
medieval_architecture,-0.003
wet_season,-0.003
empty_glass,0.07
frozen_head,-0.262
colorful_flowers,0.003
inspiring_creativity,0.766
scientific_research,0.015
economic_crisis,0.062
unholy_grave,-1.354
old_woman,0.021
ruined_castle,-0.213
folding_bike,0.07
grand_circle,0.228
grave_monument,-0.651
silver_tabby,0.018
high_woods,0.025
stone_texture,0.063
rebel_night,-0.268
closed_eyes,-0.141
small_island,-0.078
nude_model,0.264
wild_arena,-0.021
near_home,0.054
vivid_festival,0.211
secret_life,0.017
disabled_people,-0.406
solid_steel,0.017
wild_beasts,-0.021
traditional_village,0.062
weird_fish,-0.203
wild_foundation,-0.021
gold_country,-0.004
rolling_papers,0.008
wet_tropics,-0.019
final_cut,-0.13
reflecting_pool,-0.062
scary_face,-1.322
classic_lamp,0.039
musical_group,0.067
super_paradise,1.656
flowering_bush,0.008
emotional_wedding,-0.065
bald_man,-0.182
good_beer,0.478
amazing_sky,0.484
historic_park,0.035
bright_sky,0.009
colorful_fish,0.003
amazing_wedding,0.484
mock_battle,-1.25
old_camper,0.021
wet_reflections,-0.002
dizzy_girl,-0.406
seamless_pattern,0.24
hot_club,0.036
dirty_foot,-0.263
wild_horses,-0.021
abandoned_theater,-0.098
narrow_road,0.015
professional_cycling,0.006
nice_smile,2.019
long_hill,-0.021
perfect_circle,0.472
pleasant_street,0.972
happy_spring,0.324
dark_romance,-0.124
late_knights,-0.006
faceless_portrait,-0.125
full_scale,0.016
unrecognizable_person,-0.196
lemony_snicket,-0.031
outdoor_activities,0.004
hardcore_metal,0.156
pure_storm,0.065
starry_sky,-0.07
hot_mama,0.417
long_dogs,-0.021
medical_clinic,0.008
special_stage,0.271
working_people,0.008
old_toys,0.021
dynamic_duo,0.276
light_garden,-0.007
sharp_park,0.008
abandoned_asylum,-0.32
ancient_house,-0.004
holy_cow,0.062
smart_dog,0.362
old_friends,0.543
cute_foot,0.285
professional_dancer,0.006
lazy_afternoon,-0.125
drunk_people,-0.125
real_county,-0.009
healthy_products,0.214
wooly_bear,-0.011
scary_dolls,-0.656
negative_approach,-0.679
blessed_mother,0.229
low_brass,-0.264
official_visit,0.006
abandoned_school,-0.098
portable_toilet,0.031
sad_dog,-1.465
bold_street,0.164
holy_hands,0.062
unconditional_love,-0.172
missing_person,-0.285
little_owl,-0.056
medieval_town,-0.003
holy_water,0.128
ethnic_costume,-0.293
historic_area,0.035
amazing_sunset,0.484
wild_goose,-0.064
tropical_world,-0.021
false_lashes,-0.194
big_day,0.055
leading_lines,0.067
medical_examination,0.016
cute_baby,1.07
silent_party,-0.022
sandy_island,-0.004
modern_memory,0.04
mint_tea,0.031
antique_books,-0.013
high_fashion,0.111
amazing_people,0.484
crazy_strings,-0.127
abandoned_car,-0.098
hot_yoga,0.017
flowing_water,0.05
lonely_bench,-0.305
big_deal,0.023
broken_arm,-0.155
little_flower,-0.111
domestic_abuse,0.003
sole_food,-0.286
standing_flowers,-0.08
narrow_field,0.015
mute_swans,-0.047
impossible_project,-0.052
independent_living,-0.039
natural_disaster,-0.683
exotic_automobile,0.312
perfect_wedding,0.472
pet_day,0.134
silent_lake,-0.022
unknown_soldier,-0.116
plastic_duck,0.083
high_tide,0.065
raging_waves,-0.477
natural_food,-0.058
broken_bells,-0.155
sacred_valley,0.07
organic_farm,0.044
wild_mustang,-0.021
renewable_energy,0.289
fit_women,0.159
clever_girl,0.55
grand_baby,0.957
essential_oils,0.058
fake_eyelashes,-0.453
sick_children,-0.232
little_fish,-0.056
big_block,0.046
narrow_street,0.034
crazy_love,-0.253
classic_city,0.039
playful_creativity,0.516
frozen_pond,-0.119
creative_ideas,0.035
creative_portraiture,0.035
electric_company,-0.036
cute_toddler,0.285
safe_water,0.331
blank_media,-0.107
big_stopper,0.05
sick_puppies,-0.232
slow_race,-0.062
open_work,-0.106
grand_hall,0.228
elderly_people,0.125
amazing_talent,1.492
golden_pass,0.247
visual_media,-0.035
bad_girls,-0.357
flat_club,-0.073
broken_mirror,-0.31
exterior_architecture,0.07
unknown_person,-0.116
religious_gifts,-0.01
fluffy_cat,0.125
original_artwork,-0.031
small_tortoiseshell,-0.078
industrial_landscape,0.078
haunted_buildings,0.036
comic_sans,0.062
great_grandfather,0.364
ambient_music,0.294
silver_ring,0.037
artistic_impressions,0.193
classic_transport,0.086
primary_education,0.214
flowering_shrubs,0.008
rare_dog,-0.296
smart_leadership,0.181
little_monkey,-0.056
late_winter,-0.006
grand_mosque,0.228
awesome_birds,0.75
spiritual_life,0.024
golden_circle,0.123
rocky_falls,-0.129
high_peak,0.071
floating_home,-0.106
coloured_clouds,-0.031
painted_eggs,-0.01
cold_light,-0.433
crazy_dog,-0.432
sacred_craft,0.225
gold_metal,-0.004
hot_muscle,0.034
wild_buffalo,-0.021
circular_polarizer,0.011
enchanted_doll,0.07
decorative_plate,0.07
painted_sign,-0.02
high_court,0.072
wide_eyes,-0.029
amazing_food,0.969
milky_water,0.065
abandoned_mansion,-0.098
gorgeous_girl,1.065
big_flower,0.093
long_hall,-0.021
old_capital,0.021
crazy_horse,-0.127
plastic_wrap,0.042
half_face,-0.057
natural_soap,-0.026
global_finance,-0.031
royal_society,0.029
hot_cherry,0.034
single_person,-0.068
religious_ceremony,-0.02
dangerous_tiger,-0.363
electrical_storm,0.008
ugly_sweater,-0.418
pretty_girl,0.495
lazy_cats,-0.125
modern_artgallery,0.018
soft_grunge,-0.033
big_fun,0.519
gloomy_heart,-0.891
clean_air,0.059
long_exposition,-0.021
barren_river,-0.307
creative_time,0.151
extreme_poverty,-0.895
old_museum,0.021
outdoor_adventure,0.07
amazing_race,0.972
nice_trip,1.003
dark_vintage,-0.132
little_princess,-0.056
sweet_wedding,0.195
silver_car,0.018
reflecting_pond,-0.031
genetic_engineering,-0.002
motivating_quotes,0.008
bright_lights,0.009
pedestrian_crossing,-0.047
organic_meat,0.11
independent_women,-0.039
light_mirror,-0.014
extreme_makeover,-0.004
light_scoop,-0.007
hot_tattoos,0.017
mental_illness,-0.544
traditional_clothing,0.062
lucky_chair,0.44
happy_bike,0.324
modern_miniatures,0.018
pure_nature,0.115
natural_nails,-0.026
adorable_cat,1
unique_wedding,0.049
natural_doll,-0.026
early_evening,-0.005
hard_light,-0.109
grumpy_cat,-0.393
tasty_food,0.328
senior_girls,0.065
dark_magic,-0.124
little_boxes,-0.056
early_fall,-0.035
friendly_people,0.188
rocky_harbour,-0.129
hidden_places,-0.138
low_saturation,-0.589
colored_pencil,-0.031
haunted_hotel,0.036
beautiful_house,0.488
beautiful_women,0.488
feral_cat,-0.143
modern_landscape,0.037
ethnic_group,-0.098
peaceful_valley,0.031
cold_mountain,-0.216
christian_music,0.223
teen_angst,0.047
direct_sunlight,0.025
lowkey_portrait,-0.125
competitive_sport,0.078
moving_canvas,0.065
fair_men,0.147
golden_peak,0.269
great_lake,0.364
happy_thoughts,0.324
pure_wool,0.033
heavy_rain,-0.013
romantic_getaway,0.953
traditional_costume,0.125
tropical_flowers,-0.021
famous_place,0.07
natural_math,-0.026
cheap_food,-0.521
big_family,0.023
early_education,-0.01
old_door,0.021
natural_formations,-0.026
dead_forest,-0.355
personal_work,0.052
constitutional_monarchy,0.07
disused_railway,-0.008
rocky_beach,-0.129
dark_clouds,-0.062
light_fixture,-0.007
senior_project,0.065
sunny_morning,0.25
classical_ballet,0.022
malignant_tumor,-0.281
naked_man,-0.031
low_fire,-0.607
christian_cross,0.07
silver_king,0.038
ethnic_dance,-0.098
beautiful_engineering,0.488
ancient_forest,-0.004
curious_expeditions,-0.021
real_food,-0.024
wild_rabbit,-0.021
silver_cloud,0.035
popular_science,0.016
arctic_ice,-0.141
wild_birds,-0.021
sexy_muscles,0.446
good_fun,1.428
creepy_dolls,-0.254
shaggy_dog,-0.546
raw_food,-0.188
pregnant_women,-0.039
small_bird,-0.169
hot_site,0.017
peaceful_protest,0.062
pure_evil,0.065
derelict_building,-0.052
early_work,-0.01
tropical_ecology,-0.021
falling_leaves,-0.013
deserted_island,-0.07
low_side,-0.528
raging_river,-0.477
catholic_school,0.098
gold_paint,-0.004
little_man,-0.111
hot_gallery,0.017
great_city,0.364
active_life,-0.011
cold_shoe,-0.216
sexy_legs,0.953
gorgeous_wife,0.531
traditional_music,0.278
beautiful_man,0.978
low_valley,-0.264
abandoned_truck,-0.195
smelly_sticker,-0.624
fake_food,-0.911
dark_hair,-0.062
peaceful_scene,0.062
tropical_house,-0.021
perfect_effects,0.943
silver_lining,0.035
attractive_female,0.276
pacific_park,0.097
liquid_gold,0.045
fat_kid,-0.053
wild_weather,-0.021
curious_city,-0.021
light_square,-0.014
tropical_island,-0.021
cold_winter,-0.216
beautiful_child,0.981
outdoor_sports,0.004
huge_breasts,-0.008
colored_sand,-0.031
natural_resources,-0.026
personal_safety,0.553
dark_mercy,-0.124
fat_cap,-0.062
handsome_guy,0.41
fresh_air,-0.052
lucid_communication,0.271
wet_woman,-0.002
portable_studio,0.015
arctic_wildlife,-0.141
strange_clouds,-0.003
good_taste,1.031
medieval_history,-0.003
single_rose,-0.068
golden_park,0.123
royal_baby,0.559
high_adventure,0.111
dead_horse,-0.355
wild_pig,-0.066
colorful_buildings,0.003
old_boys,0.021
magic_power,-0.062
crazy_days,-0.127
formal_dress,0.013
royal_landscape,0.059
historic_preservation,0.07
upscale_boutique,0.125
little_cat,-0.113
dark_beauty,-0.124
little_car,-0.056
short_run,-0.076
fine_food,0.656
good_health,1.15
long_rain,-0.021
beautiful_cars,0.488
mental_ray,-0.022
low_wing,-0.264
good_harbor,0.478
young_writers,0.009
good_grief,0.955
heavy_weather,-0.013
triple_trouble,0.008
wet_snow,-0.002
abandoned_mill,-0.098
light_paint,-0.007
high_elevation,0.025
open_culture,-0.106
directional_light,-0.005
fake_model,-0.906
abandoned_town,-0.098
living_space,0.102
rocky_mountains,-0.129
fallen_leaves,-0.01
immaculate_conception,0.301
running_room,0.045
arctic_environment,-0.141
natural_area,-0.026
beautiful_beach,0.488
rainy_night,-0.08
naked_baby,-0.031
unique_business,0.114
cold_river,-0.216
historic_gardens,0.035
frozen_motion,-0.241
mythical_creature,-0.109
sunny_isles,0.25
edible_garden,0.031
dead_dog,-0.89
super_program,0.047
photogenic_planet,0.125
natural_pattern,-0.053
special_love,1.365
frozen_trees,-0.119
real_men,-0.009
vitreous_glass,0.003
great_bay,0.729
good_shoes,0.478
hot_water,0.037
domestic_shorthair,0.002
outdoor_sculpture,0.004
near_space,0.047
straight_lines,-0.009
last_judgement,-0.068
sexy_heels,0.446
clear_water,0.171
senior_living,0.065
true_grit,0.371
imperial_guard,0.028
dirty_job,-0.571
personal_favorite,0.576
crazy_face,-0.263
rare_cars,-0.059
young_bird,0.019
ugly_doll,-0.418
great_lines,0.364
classic_coach,0.039
hot_lips,0.017
religious_jewelry,-0.02
small_lagoon,-0.078
sexy_hair,0.446
real_wedding,-0.009
traditional_dress,0.125
hot_women,0.017
golden_hour,0.123
magic_hat,-0.093
painted_furniture,-0.01
beautiful_feet,0.488
giant_forest,0.07
creative_work,0.072
high_wheel,0.025
sad_girl,-1.286
early_learning,-0.01
poor_man,-0.612
dirty_dog,-0.704
grand_casino,0.228
nice_print,0.502
amazing_view,0.969
colorful_sky,0.003
long_coat,-0.021
perfect_panorama,0.472
raw_theme,-0.183
dead_bird,-0.724
scared_face,-0.776
old_trains,0.021
tall_guy,-0.062
strong_men,0.002
armed_conflict,0.01
wide_spread,-0.029
religious_places,-0.01
medical_benefit,0.008
warning_sign,-0.062
extreme_man,-0.004
simple_beauty,1.197
dry_fish,-0.057
old_cemetery,0.021
long_journey,-0.021
dramatic_portrait,0.045
running_dog,0.01
stupid_face,-0.75
natural_wonder,-0.053
magic_city,-0.031
little_wolf,-0.056
blank_paper,-0.107
global_trip,-0.118
parallel_lines,-0.015
physical_training,-0.002
hollow_tree,-0.083
armed_police,0.005
junior_men,-0.104
big_wall,0.046
snowy_landscape,0.026
hot_chicks,0.017
organic_food,0.089
beautiful_girl,0.98
amazing_details,0.484
traditional_dance,0.062
scenic_painting,0.015
light_waves,-0.007
christian_wedding,0.035
bad_kids,-0.357
busy_street,-0.056
good_quality,1.093
early_light,-0.01
real_gold,-0.019
informal_portrait,-0.006
cosmopolitan_hotel,-0.011
visual_identity,-0.07
small_room,-0.156
traditional_market,0.062
rusty_nail,-0.102
natural_life,-0.053
funny_kitten,0.078
dead_baby,-0.711
wild_animals,-0.021
old_house,0.021
nervous_system,-0.625
gold_party,-0.004
antique_house,-0.013
sacred_bones,0.07
tiny_lights,0.062
bright_eyes,0.207
golden_key,0.248
teen_model,0.077
creative_process,0.07
interesting_places,0.196
rare_plant,-0.133
grand_celebration,0.973
hot_wax,0.017
rare_breed,-0.059
troubled_teens,-0.457
sleepy_city,-0.062
homeless_veterans,-0.254
scenic_area,0.015
cute_animals,0.285
painted_rocks,-0.01
nice_weather,0.502
changing_lives,0.07
dirty_beach,-0.263
angry_bird,-1.055
hot_park,0.017
light_pollution,-0.509
wild_carrot,-0.021
fair_skin,0.147
wild_cub,-0.064
fearless_challenge,0.305
magic_man,-0.062
warm_light,0.06
tropical_birds,-0.021
historic_race,0.073
tiny_fairy,0.125
active_volcano,-0.005
outdoor_session,0.004
silver_glass,0.018
great_rock,1.236
traditional_climbing,0.062
slow_travel,-0.031
ancient_artifacts,-0.004
light_poetry,-0.037
confined_space,-0.19
golden_heart,0.309
breeding_plumage,0.008
beautiful_baby,1.477
fabulous_fashion,0.791
future_soldier,0.004
professional_portfolio,0.006
old_apartment,0.021
smooth_impact,0.041
little_tree,-0.056
gilded_age,0.082
high_visibility,0.111
craggy_gardens,-0.008
candid_moments,0.034
little_monsters,-0.056
nice_girl,1.006
last_train,-0.034
classic_buses,0.039
amazing_flowers,0.484
classic_toy,0.078
fresh_bread,-0.052
awesome_plants,0.75
early_childhood,-0.005
beautiful_life,0.981
mad_science,-0.242
natural_light,-0.053
light_modifier,-0.018
modern_garden,0.018
broken_bat,-0.155
beautiful_view,0.977
interior_architecture,0.014
jolly_beach,0.524
sexy_party,0.446
working_mother,0.008
long_hike,-0.021
hot_sun,0.037
small_gift,-0.156
awesome_times,1.625
artistic_shapes,0.193
grand_center,0.458
ethnic_jewelry,-0.195
super_sportscar,0.047
professional_occupation,0.006
poor_people,-0.306
slight_clutter,0.036
teen_club,0.049
exterior_view,0.141
gothic_quarter,-0.084
old_couple,0.043
golden_bike,0.123
bald_rock,-0.182
pretty_day,0.501
bare_hand,-0.136
rough_river,-0.269
open_bar,-0.053
wild_coast,-0.021
abandonned_place,-0.125
great_escape,0.729
working_men,0.008
easy_life,0.074
pet_adoption,0.062
icy_strait,-0.457
christian_icons,0.035
tiny_flowers,0.062
heavy_plant,-0.043
natural_landmark,-0.053
big_ice,0.023
warm_season,0.103
funny_stores,0.078
silver_earrings,0.018
sweet_lamb,0.195
open_night,-0.124
classic_aircraft,0.039
dynamic_light,0.316
fresh_espresso,-0.121
great_end,0.364
dark_chocolate,-0.062
commercial_flooring,-0.094
special_moments,0.132
big_buddha,0.023
big_splash,0.023
moody_gardens,-0.348
contemporary_drawing,0.003
silver_sand,0.018
industrial_canal,0.078
historic_structures,0.035
lonely_beach,-0.152
historic_flight,0.077
great_grandpa,0.364
next_area,-0.003
dirty_work,-0.525
christian_rock,0.577
empty_street,0.144
light_space,-0.016
high_altar,0.025
little_temple,-0.111
surly_girl,-0.562
classic_motors,0.039
holy_dip,0.125
medical_marijuana,0.008
deep_forest,0.025
old_buildings,0.021
blooming_flowers,-0.024
cute_smile,1.586
dusty_road,-0.176
visual_culture,-0.07
sick_girl,-0.464
sexy_transvestite,0.446
personal_networks,0.025
little_planet,-0.056
bright_ideas,0.009
light_movement,-0.017
wet_plate,-0.002
homeless_cat,-0.51
antique_buildings,-0.013
wild_garden,-0.021
violent_seduction,-0.569
great_nature,0.779
deep_lake,0.025
cool_air,0.158
colored_leaves,-0.031
happy_halloween,0.324
exotic_fruit,0.312
lovely_sunset,0.285
cold_tone,-0.436
big_jump,0.046
nice_shirt,0.502
high_impact,0.053
vacant_building,-0.059
natural_gas,-0.026
empty_bowl,0.141
foggy_day,-0.246
old_bar,0.021
sleepless_night,-0.526
single_object,-0.145
modern_architecture,0.018
early_days,-0.005
foggy_night,-0.264
little_island,-0.056
broken_bones,-0.155
last_hope,-0.068
sacred_road,0.07
rising_waters,0.031
final_approach,-0.13
single_strobe,-0.068
special_transport,0.271
displaced_people,-0.125
super_fun,0.567
pleasant_river,0.484
great_langdale,0.364
historic_town,0.035
religious_heritage,-0.02
lucky_star,0.882
pure_water,0.068
hairy_legs,-0.062
wild_beach,-0.021
sexy_cosplay,0.446
natural_texture,-0.053
pregnant_belly,-0.039
formal_night,0.013
perfect_composition,0.472
unknown_people,-0.116
modern_cars,0.018
decorative_glass,0.07
primary_flight,0.135
creative_tools,0.035
hot_men,0.017
old_architecture,0.021
high_maintenance,0.099
antique_print,-0.013
high_trail,0.025
plastic_bag,0.083
open_doors,-0.053
teenage_girl,0.05
holy_wisdom,0.238
crazy_hats,-0.127
grand_entrance,0.228
good_leaf,0.478
royal_palace,0.029
naked_woman,-0.015
wild_food,-0.048
crazy_weather,-0.127
natural_child,-0.053
beautiful_hair,0.488
young_children,0.009
stately_house,0.094
cold_drink,-0.433
small_frame,-0.156
moody_theater,-0.348
old_market,0.021
great_hill,0.364
holy_family,0.062
lovely_city,0.285
dry_garden,-0.057
sweet_dog,0.389
mental_hospitals,-0.022
presidential_debate,-0.031
liquid_latex,0.018
perfect_storm,0.943
secret_concert,0.006
visual_journal,-0.035
snowy_day,0.035
rocky_shore,-0.129
rubbish_bin,-0.25
bald_face,-0.192
open_fields,-0.053
light_sphere,-0.007
fragrant_flowers,0.274
short_trip,-0.209
great_island,0.364
contemporary_museum,0.003
frozen_waterfall,-0.119
awesome_people,0.75
happy_kids,0.324
little_bird,-0.124
chief_officer,0.07
smart_meeting,0.362
christian_band,0.075
wide_wood,-0.015
interesting_light,0.431
positive_attitude,0.302
little_world,-0.056
small_tree,-0.078
hidden_lake,-0.138
modern_rock,0.544
old_dog,0.043
dirty_blonde,-0.263
secret_war,0.013
silent_city,-0.022
foreign_travel,-0.207
professional_soccer,0.006
natural_habitat,-0.026
super_fest,0.047
divine_word,0.222
exterior_door,0.07
fine_day,0.665
big_adventure,0.108
psychedelic_music,-0.089
sweet_tomatoes,0.195
drunk_women,-0.125
scarce_chaser,-0.562
medical_device,0.016
silver_state,0.018
outdoor_entertainment,0.508
cool_water,0.318
painted_hall,-0.01
great_park,0.364
historic_city,0.035
old_tree,0.021
contemporary_sculpture,0.003
big_boy,0.058
tight_jeans,-0.029
nice_legs,1.065
warm_weather,0.01
hidden_beach,-0.138
outdoor_shoot,0.008
sexy_granny,0.891
classic_bicycle,0.039
pure_beauty,1.253
fantastic_flower,0.609
clear_field,0.084
cold_desert,-0.449
tropical_jungle,-0.053
dark_garden,-0.062
unknown_flowers,-0.116
good_trip,0.955
old_postcard,0.021
outdoor_school,0.004
wonderful_day,1.071
medical_assistant,0.008
original_collage,-0.031
open_sea,-0.111
economic_downturn,0.031
royal_court,0.082
beautiful_music,1.13
natural_hair,-0.026
concrete_wall,0.164
original_character,-0.062
wild_ponies,-0.021
artistic_creation,0.193
happy_boy,0.66
wonderful_nature,1.112
great_legs,0.791
old_ship,0.021
golden_pavilion,0.263
medieval_swords,-0.003
fine_furniture,0.328
global_education,-0.062
captive_animals,-0.114
funny_quotes,0.078
hot_day,0.043
organic_valley,0.044
soft_sculpture,-0.009
stray_cat,-0.729
historic_trains,0.035
abandoned_cemetery,-0.098
pressed_glass,0.008
classic_park,0.039
past_time,-0.031
sweet_treats,0.195
special_cars,0.132
outdoor_fitness,0.215
low_visibility,-0.527
bad_taste,-0.714
lonely_tree,-0.152
sacred_circle,0.07
golden_cap,0.247
wide_bay,-0.036
great_business,0.745
hard_candy,-0.054
light_son,-0.007
full_suit,0.026
early_snow,-0.005
fresh_cut,-0.105
natural_toys,-0.026
flowering_dogwood,0.024
small_waves,-0.078
small_block,-0.689
fresh_market,-0.052
lined_paper,-0.034
decorative_painting,0.07
dynamic_range,0.292
colorful_bird,0.005
pure_love,1.167
final_review,-0.13
acid_house,-0.11
pet_bed,0.127
real_mail,-0.009
special_touch,0.285
pretty_people,0.246
nice_light,1.043
classical_garden,0.022
hot_weather,0.017
fair_city,0.147
funny_pets,0.078
serious_compact,-0.162
high_pressure,0.049
liberal_politics,0.119
big_belly,0.023
colorful_foliage,0.003
original_play,-0.076
bloody_bay,-0.312
messy_room,-0.766
old_glass,0.021
broken_umbrella,-0.155
strong_museum,0.002
awesome_day,1.509
classic_motorcycle,0.039
real_world,-0.009
beautiful_decay,0.977
good_news,1.005
religious_leader,-0.01
real_head,-0.042
tight_shirt,-0.029
rare_book,-0.059
dirty_house,-0.263
elementary_schools,-0.029
soft_light,-0.017
soft_pastel,-0.009
hot_game,0.034
dramatic_clouds,0.045
old_church,0.021
professional_portraits,0.006
high_voltage,0.025
dead_leaf,-0.355
dual_range,0.078
outdoor_cap,0.008
big_gun,0.046
natural_portrait,-0.026
happy_trails,0.324
rough_hill,-0.269
big_dipper,0.023
wise_words,0.191
dark_day,-0.124
ordinary_life,0.012
special_place,0.132
hot_coffee,0.017
sexy_pumps,0.446
cute_cat,0.57
creative_dance,0.035
high_dam,0.025
coloured_pencils,-0.031
ugly_mug,-0.852
forgotten_sea,-0.067
holy_isle,0.062
small_wedding,-0.078
great_walls,0.364
bloody_beetroots,-0.152
hot_body,0.017
merry_field,0.239
flowering_maple,0.008
historic_rally,0.07
opaque_tights,-0.051
golden_eyes,0.435
small_mouth,-0.078
dark_city,-0.062
sexy_chicks,0.446
hot_actress,0.017
contemporary_resort,0.009
wide_star,-0.029
religious_building,-0.01
sandy_pines,-0.004
plastic_bottles,0.042
dirty_hands,-0.263
stuffed_dog,-0.249
model_boat,0.196
big_stuff,0.046
amazing_capture,0.969
raw_land,-0.183
dark_alley,-0.062
great_gallery,0.364
experimental_video,0.042
painted_door,-0.01
old_phone,0.021
little_egret,-0.056
boiled_eggs,-0.125
directional_sign,-0.005
young_lady,0.024
classic_tractor,0.039
wet_sand,-0.002
blank_journal,-0.107
antique_airplane,-0.013
light_giants,-0.007
sexy_costume,0.891
practical_action,0.082
common_lizard,-0.041
super_sprint,0.047
sunny_weather,0.25
slow_motion,-0.064
holy_child,0.129
cold_steel,-0.216
outdoor_classic,0.289
great_wheel,0.364
big_biker,0.023
camp_wedding,-0.094
floating_village,-0.053
historic_site,0.035
silly_cat,-0.463
elderly_man,0.251
false_alarm,-1.368
undomesticated_animals,-0.078
nice_bunny,0.502
natural_lighting,-0.057
blank_book,-0.107
romantic_dinner,0.414
wild_roses,-0.021
outdoor_performance,0.024
matte_painting,-0.031
ancient_site,-0.004
distant_lights,0.008
compact_disc,0.024
frosty_morning,-0.151
visual_communication,-0.07
dark_metal,-0.062
sacred_city,0.07
outdoor_stage,0.016
sunny_season,0.583
colored_light,-0.062
little_people,-0.056
old_road,0.021
different_perspective,0.009
forgotten_city,-0.031
freaky_age,-0.156
colorful_hair,0.003
rainy_season,-0.062
acting_school,0.008
fallen_soldier,-0.01
secret_society,0.006
fancy_work,-0.141
retired_racer,-0.321
scenic_overlook,0.031
electric_railway,-0.036
decisive_moment,0.088
young_farmers,0.009
last_kiss,-0.068
sweet_revenge,0.389
royal_exchange,0.059
happy_dog,0.648
low_level,-0.535
rising_love,1.164
pedestrian_bridge,-0.024
tropical_insect,-0.074
stray_kitten,-0.363
arctic_wolf,-0.141
wild_spirit,-0.043
bright_club,0.021
hungry_cat,-0.369
cool_tour,0.158
shattered_glass,-0.125
lonely_road,-0.152
scenic_spot,0.039
interactive_media,0.031
fresh_farm,-0.052
healthy_life,0.432
fast_boat,0.004
organic_garden,0.044
little_bones,-0.056
sad_eyes,-1.286
global_tourist,-0.124
golden_jubilee,0.123
rocky_road,-0.129
sexy_dance,0.446
wild_game,-0.06
late_light,-0.013
high_power,0.052
amazing_dog,0.969
personal_trainers,0.025
light_ball,-0.007
real_people,-0.009
ancient_lake,-0.004
secret_identity,0.107
low_wire,-0.264
final_run,-0.065
advanced_painting,0.036
wild_fox,-0.063
single_glass,-0.068
automatic_fire,-0.169
mature_woman,0.009
super_boat,0.047
traditional_hand,0.152
young_people,0.009
monumental_cemetery,0.094
little_review,-0.111
creative_lighting,0.07
blurry_vision,-0.825
neutral_density,-0.076
moving_car,0.065
religious_school,-0.01
fresh_fish,-0.052
large_waves,0.04
golden_hawk,0.123
cloudy_weather,-0.008
magical_forest,0.219
lucky_cat,0.88
low_action,-0.527
wild_flora,-0.074
long_hairs,-0.021
cool_guy,0.158
antique_doll,-0.013
cold_morning,-0.216
original_works,-0.062
scenic_flight,0.038
old_dominion,0.085
psychedelic_illustration,-0.089
physical_science,-0.002
great_day,0.738
historic_ships,0.035
long_scarf,-0.021
ancient_history,-0.004
large_house,0.04
naughty_boy,-0.648
magic_numbers,-0.031
little_stories,-0.056
sweet_memories,0.195
silly_dog,-0.64
amazing_hall,0.484
casual_attire,-0.204
hardcore_band,0.317
threatened_species,-0.562
great_leader,0.364
vivid_imagination,0.422
grand_beach,0.228
drunk_girls,-0.125
sad_quotes,-0.643
bad_weather,-0.357
natural_medicine,-0.053
historic_bridge,0.035
cool_sky,0.158
magic_castle,-0.031
great_society,0.364
abandoned_road,-0.098
disabled_children,-0.406
true_romance,1.958
little_paradise,-0.111
lovely_legs,0.632
medieval_costume,-0.103
unique_cars,0.049
converted_pathfinder,-0.062
exotic_plants,0.312
poor_light,-0.612
gothic_model,-0.081
misty_morning,-0.062
medieval_music,-0.005
sound_equipment,0.161
old_fashion,0.105
magic_sky,-0.031
teen_girl,0.05
nice_work,1.005
unidentified_location,-0.004
raw_travel,-0.091
cool_cat,0.315
eternal_spring,0.019
derivative_works,-0.141
smart_school,0.181
fallen_flag,-0.02
long_shadows,-0.021
clear_lake,0.084
rocky_steps,-0.129
modern_european,0.018
natural_garden,-0.026
great_ridge,0.364
wild_night,-0.061
outdoor_camp,0.008
glacial_park,-0.222
fresh_face,-0.115
magic_pea,-0.031
special_event,0.132
crazy_quilt,-0.127
risky_business,-0.508
gothic_fashion,-0.081
natural_philosophy,-0.053
rusty_cars,-0.102
creative_community,0.035
good_housekeeping,0.478
special_project,0.132
handy_phone,0.011
short_skirt,-0.076
natural_products,-0.026
creative_movement,0.07
painted_dog,-0.199
windy_city,-0.059
rebel_girl,-0.25
big_beach,0.023
smooth_skin,0.018
traditional_rice,0.062
long_gloves,-0.021
traditional_healing,0.062
prime_numbers,0.053
chronic_pain,-2.363
perfect_timing,0.472
ancient_roman,-0.004
light_patterns,-0.007
hot_mess,0.034
wet_river,-0.002
final_game,-0.147
moving_company,0.065
lucky_bay,0.88
crashing_waves,-0.024
beautiful_island,0.488
independent_school,-0.039
raw_feeding,-0.091
junior_team,-0.104
invisible_children,-0.266
bad_mood,-0.357
magic_box,-0.062
wild_cat,-0.045
messy_face,-0.776
empty_bench,0.152
golden_needle,0.123
restless_bodies,-0.347
pure_magic,0.073
beautiful_architecture,0.488
long_legs,-0.042
derelict_house,-0.052
barking_dog,-0.304
dark_background,-0.124
big_event,0.023
dark_mountain,-0.062
cheap_hotel,-0.258
special_offers,0.132
sustainable_housing,0.196
exterior_signage,0.07
balanced_rock,0.523
good_idea,0.955
great_weather,0.364
beautiful_buildings,0.488
last_gig,-0.034
great_meadow,0.364
endangered_bird,-0.654
presidential_election,-0.031
scenic_vista,0.015
sour_cream,-0.393
athletic_field,0.034
golden_leaf,0.123
grand_tourer,0.457
muted_tones,0.008
outdoor_soccer,0.004
creative_writing,0.035
friendly_challenges,0.375
funny_hats,0.078
spiritual_path,0.01
short_dress,-0.158
dark_beer,-0.062
outdoor_life,0.012
wise_key,0.192
happy_girl,0.651
stunning_skies,0.076
hot_legs,0.096
bad_dream,-0.714
smart_cars,0.181
great_sound,0.364
dark_night,-0.142
super_bee,0.047
old_testament,0.059
royal_castle,0.029
physical_fitness,-0.002
frozen_water,-0.239
beautiful_moment,0.987
great_company,0.364
musical_icons,0.067
full_lips,0.008
medieval_sculpture,-0.003
stone_cross,0.016
cool_weather,0.158
cute_dress,0.57
old_women,0.021
bare_tree,-0.068
rocky_shoreline,-0.129
creative_light,0.11
grand_temple,0.461
severe_weather,-0.228
crazy_egg,-0.127
icy_lake,-0.166
historic_marker,0.035
exotic_holiday,0.312
small_copper,-0.169
safe_place,0.164
hot_arms,0.017
dirty_dancing,-0.263
long_skirt,-0.021
wild_salmon,-0.021
dirty_window,-0.263
invasive_plants,0.018
outdoor_exterior,0.004
tiny_man,0.126
peaceful_mind,0.12
good_fortune,0.971
young_family,0.009
painted_ceiling,-0.01
rotary_phone,0.008
historic_centre,0.077
small_farm,-0.078
cool_stuff,0.315
beautiful_world,0.488
artistic_flowers,0.193
moving_lights,0.065
sole_sports,-0.141
fast_company,0.004
hot_bike,0.017
independent_city,-0.039
boreal_forest,-0.122
barred_owl,-0.035
close_friends,0.558
great_light,0.769
lovely_cat,0.57
tall_girl,-0.125
grand_voyage,0.228
single_action,-0.136
honorable_mention,0.884
fresh_cafe,-0.052
catholic_memorial,0.242
unlimited_devotion,-0.135
last_supper,-0.034
extreme_speed,-0.002
evil_scarecrow,-0.406
abandoned_building,-0.098
hard_summer,-0.054
high_culture,0.105
wet_clothes,-0.002
old_days,0.021
happy_socks,0.324
scenic_road,0.015
ugly_face,-0.846
silent_comedy,-0.022
vicious_trap,-1.775
precious_metal,0.442
large_event,0.04
floating_ice,-0.053
long_bay,-0.049
faded_sign,-0.133
young_horse,0.009
beautiful_boy,0.989
indoor_sports,0.004
living_spirit,0.141
cheeky_pea,-0.125
final_performance,-0.13
creative_stage,0.078
medical_city,0.008
cold_temperature,-0.464
great_barrier,0.729
golden_sunlight,0.123
domesticated_animals,0.004
abandoned_motel,-0.098
stormy_sky,-0.293
wild_hunt,-0.021
little_kid,-0.111
fake_problems,-1.406
eternal_enigma,0.039
light_reflection,-0.014
nocturnal_wonderland,0.004
disused_station,-0.008
religious_celebration,-0.02
sweet_stuff,0.389
catholic_church,0.098
dry_site,-0.057
beautiful_kitten,0.488
anti_fashion,-0.141
hairless_cat,-0.252
great_pond,0.364
golden_land,0.248
golden_lane,0.123
golden_masterpiece,0.45
full_steam,0.008
super_robot,0.047
golden_hair,0.123
open_space,-0.108
prime_lenses,0.053
artistic_emotion,0.776
silver_chain,0.018
fit_holiday,0.159
cool_people,0.158
strange_weather,-0.003
lovely_day,0.579
spiritual_retreat,0.02
fresh_baby,-0.105
interesting_people,0.196
abandoned_boat,-0.098
flowering_tree,0.008
secondhand_books,-0.039
tiny_hearts,0.062
modern_baby,0.537
long_table,-0.021
flash_diffuser,-0.125
mourning_jewelry,-0.891
creepy_house,-0.254
mucky_pup,-0.192
frozen_lake,-0.119
nice_people,0.502
painted_church,-0.01
stinky_tofu,-0.582
virgin_river,0.015
magical_world,0.219
amazing_baby,1.469
happy_ending,0.324
shallow_water,-0.359
happy_children,0.324
little_devil,-0.708
bad_family,-0.357
imperial_palace,0.028
outdoor_portraiture,0.004
outdoor_cafe,0.004
dental_health,-0.25
medical_museum,0.008
wild_sumatra,-0.021
jolly_holiday,0.524
grand_ball,0.228
unique_house,0.049
double_room,-0.027
secondhand_bookshop,-0.039
endless_love,1.122
devout_dolls,0.062
golden_gala,0.123
teen_models,0.024
wet_street,-0.003
spontaneous_combustion,-0.185
electric_engine,-0.036
indoor_games,0.004
empty_chair,0.07
medieval_church,-0.003
dirty_laundry,-0.263
wet_girls,-0.002
single_deck,-0.068
great_court,0.752
modern_painting,0.018
low_cars,-0.264
beautiful_cat,0.977
glacial_lagoon,-0.222
raw_materials,-0.091
natural_bridge,-0.026
casual_wear,-0.209
rising_moon,0.065
personal_blog,0.025
great_view,0.729
unknown_plant,-0.247
amazing_girls,0.484
direct_action,0.066
long_boots,-0.021
big_girls,0.023
sexy_boots,0.446
compact_macro,0.024
nice_place,0.502
concrete_jungle,0.164
snowy_scene,0.026
wholesale_market,0.062
natural_play,-0.067
speaking_event,0.125
domestic_architecture,0.002
little_sister,-0.056
young_lion,0.009
silver_peak,0.057
big_intent,0.023
electric_fan,-0.073
little_pony,-0.056
outdoor_scene,0.008
historic_square,0.072
holy_mother,0.062
high_flats,0.025
infinite_sadness,-2.128
healthy_recipe,0.214
wicked_hair,0.078
cute_couple,0.57
tight_crop,-0.029
soft_doll,-0.009
close_view,0.058
bright_angel,0.023
beautiful_secrets,0.488
spiritual_center,0.021
antique_auto,-0.013
large_space,0.08
open_garden,-0.053
full_force,0.016
distressed_children,-0.556
casual_boy,-0.188
gorgeous_cat,1.062
raw_sugar,-0.091
historic_lighthouse,0.035
sacred_ground,0.07
high_saturation,0.049
original_music,-0.062
broken_home,-0.31
abandoned_furniture,-0.098
tropical_sunset,-0.021
long_suffering,-2.022
commercial_cleaning,-0.094
reckless_love,-0.797
hidden_gardens,-0.138
frozen_fog,-0.119
rusty_metal,-0.102
medical_supplies,0.008
creative_spirit,0.109
holy_angels,0.062
sweet_candy,0.195
pure_nightclub,0.033
hard_water,-0.109
open_school,-0.053
moody_sky,-0.348
secret_mountains,0.006
warm_water,0.023
awesome_flowers,0.75
open_range,-0.106
traditional_wedding,0.062
true_bug,0.371
small_pets,-0.078
small_wheels,-0.078
hot_girls,0.017
sunny_afternoon,0.25
painted_wood,-0.01
adult_entertainment,0.617
cool_season,0.398
gothic_painting,-0.041
extreme_terrain,-0.002
medical_relief,0.537
dear_friends,0.938
lovely_clouds,0.285
old_ruin,0.043
exterior_shutters,0.07
last_game,-0.085
outdoor_space,0.008
nocturnal_festival,0.004
old_mill,0.021
christian_faith,0.57
good_time,1.036
perfect_world,0.472
pacific_life,0.197
moving_walkway,0.065
empty_pool,0.143
happy_holidays,0.324
small_village,-0.078
heavy_bubble,-0.047
natural_abstraction,-0.026
fair_game,0.294
open_cup,-0.106
fair_rides,0.147
beautiful_men,0.488
natural_frame,-0.053
cool_kids,0.158
contemporary_painting,0.003
natural_makeup,-0.026
big_kids,0.023
domestic_scenes,0.002
decorated_cake,0.141
academic_building,-0.024
medical_education,0.102
playful_puppy,0.25
royal_museum,0.029
grand_challenge,0.457
long_gallery,-0.021
sexy_men,0.446
lovely_wife,0.285
holy_women,0.062
dead_tree,-0.355
big_meadow,0.023
beautiful_weather,0.488
detailed_view,0.25
super_park,0.047
clear_protection,0.168
fine_play,0.656
bad_parking,-0.357
golden_hills,0.123
spare_change,-0.094
adult_male,0.059
historic_spot,0.078
naked_cat,-0.033
great_music,0.882
crazy_girls,-0.127
historic_places,0.035
automatic_drawing,-0.044
abandoned_city,-0.098
beautiful_woman,0.488
bohemian_forest,-0.011
classic_carshow,0.039
young_couple,0.019
big_room,0.081
organized_crime,-0.575
golden_sky,0.123
colored_powder,-0.031
hidden_city,-0.138
wet_rocks,-0.002
elevated_train,0.065
loving_couple,1.312
common_seal,-0.081
old_paint,0.021
compound_eyes,0.209
environmental_issues,-0.004
personal_injury,0.05
old_stone,0.021
natural_forms,-0.026
abandoned_house,-0.098
colourful_buildings,0.004
colorful_clouds,0.003
former_railway,-0.01
little_cayman,-0.056
bloody_nose,-0.305
ancient_civilisation,-0.008
great_adventure,0.791
classic_events,0.039
interior_view,0.028
barbed_wire,0.024
electric_wire,-0.036
beautiful_places,0.488
cold_world,-0.216
dry_fruits,-0.057
cute_face,0.57
royal_hall,0.029
deadly_sins,-1.542
smart_doll,0.181
beautiful_landscape,0.977
big_game,0.046
dark_skin,-0.062
deep_end,0.025
high_bar,0.025
homeless_pets,-0.254
hot_lava,0.017
modern_radio,0.018
contemporary_surrealism,0.003
funny_jokes,0.656
short_sea,-0.158
real_travel,-0.009
heavy_hammer,-0.035
natural_science,-0.053
golden_temple,0.251
crushed_cars,-0.035
sexy_lingerie,0.446
professional_model,0.043
great_expectations,0.364
lone_figure,-0.271
professional_development,0.006
quiet_time,-0.115
small_trip,-0.212
classic_music,0.231
single_ladies,-0.068
intimate_landscape,0.214
pacific_festival,0.097
outdoor_fun,0.481
gross_beak,-0.347
natural_reserve,-0.053
faded_paint,-0.067
torn_poster,-0.203
hot_woman,0.017
orthodox_cathedral,0.161
religious_sign,-0.02
funny_dog,0.156
bad_veins,-0.357
high_kick,0.049
straight_teeth,-0.009
big_business,0.062
fit_men,0.159
small_painting,-0.078
luxury_car,0.25
happy_summer,0.324
personal_history,0.025
big_lunch,0.023
selective_colouring,0.156
dual_carriageway,0.031
wide_auto,-0.015
adult_reading,0.119
independent_music,-0.078
contemporary_landscape,0.005
latest_news,0.058
hollow_legs,-0.167
wild_tiger,-0.021
sticky_notes,-0.054
pure_sky,0.033
illegal_trouble,-0.857
high_plains,0.025
clean_energy,0.211
concrete_buildings,0.082
newborn_baby,0.508
medieval_fest,-0.003
spiritual_healing,0.01
good_girl,0.958
unusual_wedding,-0.039
final_flight,-0.13
historic_house,0.035
great_basin,0.364
silver_dress,0.035
distinct_plants,0.083
soft_skin,-0.009
natural_birth,-0.026
outdoor_training,0.211
adorable_animals,0.5
holy_communion,0.125
dynamic_views,0.138
little_folk,-0.056
economic_development,0.031
torrential_rain,-0.021
outdoor_cat,0.008
auburn_hair,-0.008
beautiful_sky,0.488
tiny_doll,0.062
contemporary_architecture,0.003
dead_city,-0.355
pet_bird,0.125
serene_people,-0.024
historic_tour,0.035
holy_site,0.062
positive_energy,0.698
snowy_peaks,0.013
grilled_food,0.008
outdoor_classroom,0.004
cold_day,-0.433
lonely_island,-0.152
outdoor_center,0.009
dirty_talk,-0.531
sweet_lips,0.195
creative_advertising,0.035
experimental_typography,0.042
holy_eucharist,0.062
long_grass,-0.021
wide_angel,-0.029
dirty_socks,-0.263
sexy_bikini,0.446
silver_shadow,0.035
junior_boys,-0.104
cool_cars,0.158
raw_file,-0.091
muddy_feet,-0.252
golden_pheasant,0.123
double_punch,-0.527
magic_forest,-0.031
lazy_bear,-0.125
giant_dipper,0.07
tropical_resort,-0.043
elite_model,0.171
standing_ovation,-0.159
handsome_man,0.821
historic_restoration,0.128
modern_quilt,0.018
wicked_witch,0.156
deep_blues,0.05
young_guns,0.019
musical_notes,0.067
interesting_landscape,0.391
classical_music,0.197
simple_living,0.004
lost_souls,-0.165
tropical_fish,-0.021
open_books,-0.053
floating_harbour,-0.053
big_hole,0.046
high_grass,0.025
giant_causeway,0.07
dirty_snow,-0.263
beautiful_nature,1.027
musical_society,0.067
casual_look,-0.219
dry_grass,-0.057
stark_man,-0.116
hardcore_music,0.465
senior_adult,0.13
theatrical_makeup,0.015
unique_award,0.181
commercial_space,-0.19
bad_apples,-0.357
fit_club,0.32
fresh_meat,-0.105
electrical_audio,0.004
artistic_makeup,0.193
tropical_bird,-0.056
commercial_portraiture,-0.094
falling_snow,-0.013
gothic_cathedral,-0.081
dramatic_light,0.13
dirty_feet,-0.263
dry_wall,-0.163
native_garden,0.002
scenic_beauty,1.219
fresh_food,-0.11
awesome_nature,1.55
ill_man,-0.734
loud_eyes,-0.042
marvelous_city,0.464
fat_sheep,-0.053
pure_silver,0.033
thick_house,-0.001
industrial_railway,0.039
modern_jive,0.018
beautiful_wife,0.488
full_auto,0.008
nude_cat,0.234
light_noise,-0.014
dirty_face,-0.535
gold_river,-0.004
fresh_snow,-0.052
toxic_beach,-0.031
fixed_bike,-0.088
raw_meat,-0.183
common_man,-0.081
high_church,0.025
snowy_mountain,0.013
golden_wheel,0.123
global_poverty,-0.953
nice_cream,1.024
broken_hearts,-0.155
old_city,0.021
renewable_power,0.198
sensitive_skin,-0.037
sweet_chestnut,0.195
hot_dancer,0.017
golden_fields,0.123
scary_tales,-0.656
cool_girl,0.318
amazing_circles,0.484
creative_outbursts,0.07
super_food,0.094
open_plaques,-0.053
colorful_trees,0.003
sweet_moment,0.399
double_exposition,-0.013
cute_kitty,0.586
young_child,0.023
medical_history,0.008
moving_people,0.065
wellcome_collection,0.125
bad_light,-0.714
paid_work,0.179
innocent_crush,0.335
musical_comedy,0.067
long_way,-0.042
heavy_makeup,-0.013
religious_life,-0.02
high_rock,0.556
living_light,0.142
high_definition,0.057
perfect_weather,0.472
fresh_powder,-0.052
big_society,0.023
senior_women,0.065
raw_fire,-0.263
super_speed,0.047
electric_chair,-0.036
seamed_stockings,-0.035
early_autumn,-0.005
casual_affair,-0.188
crooked_tree,-0.23
raw_milk,-0.091
burning_love,-0.234
great_place,0.364
small_car,-0.078
sexy_eyes,1.079
golden_monkey,0.123
small_cat,-0.158
artificial_light,-0.208
natural_jewelry,-0.053
creative_workshop,0.035
global_mall,-0.031
musical_event,0.067
pacific_network,0.097
final_weekend,-0.065
clear_sky,0.084
weeping_angel,-0.664
medieval_parade,-0.003
historic_architecture,0.035
harsh_light,-0.748
wild_waves,-0.021
cool_breeze,0.323
shared_street,0.011
sexy_girls,0.446
elementary_student,-0.029
golden_bee,0.123
sexy_shoes,0.446
golden_fish,0.123
final_solution,-0.13
young_model,0.049
old_heart,0.105
exotic_cat,0.625
raw_edge,-0.183
cool_cruise,0.158
wild_river,-0.021
beautiful_blond,0.488
grand_tour,0.228
abandoned_pool,-0.195
funny_food,0.156
secret_city,0.006
weeping_wall,-0.713
odd_couple,-0.058
wild_wolf,-0.021
last_party,-0.034
wild_camp,-0.092
old_truck,0.074
clear_village,0.084
deep_dish,0.102
great_war,0.729
last_dance,-0.034
cloudy_sky,-0.008
abandoned_farm,-0.098
mixed_lighting,-0.027
heavenly_lake,0.125
mad_pride,-0.242
cloudy_day,-0.016
golden_era,0.247
sweet_coffee,0.195
golden_dome,0.251
heavy_table,-0.013
single_fin,-0.068
traditional_ceremony,0.208
fallen_officer,-0.01
super_sedan,0.047
catholic_cemetery,0.098
interesting_plants,0.196
modern_living,0.018
soft_glass,-0.009
modern_city,0.018
modern_dance,0.018
rocky_peak,-0.258
sexy_dress,0.891
classic_automobiles,0.039
classic_showcar,0.039
native_flora,0.004
plush_doll,-0.054
domestic_pet,0.003
theatrical_lighting,0.031
outdoor_party,0.004
ugly_studio,-0.418
silver_society,0.018
elegant_wedding,0.216
religious_ritual,-0.02
fat_girl,-0.053
close_house,0.029
light_station,-0.007
bright_sunlight,0.009
classic_decor,0.039
traditional_festival,0.062
wet_shaving,-0.002
good_zoo,0.478
empty_wave,0.143
good_karma,0.478
happy_students,0.324
grumpy_bear,-0.196
golden_gloves,0.123
dark_wood,-0.062
long_cat,-0.044
foggy_sunrise,-0.123
aerial_dance,-0.019
lone_peak,-0.26
abandoned_mine,-0.098
ethnic_diversity,-0.234
historic_cemetery,0.035
beautiful_village,0.488
dirty_bikini,-0.263
medical_centre,0.023
sitting_area,-0.141
old_hall,0.021
hot_rock,0.541
creative_team,0.035
fantastic_sunshine,1.026
amateur_dancing,0.031
open_country,-0.053
smiling_baby,1.109
electric_tower,-0.073
organic_gardening,0.044
fuzzy_dice,-0.078
dry_bags,-0.057
weird_girls,-0.203
chubby_cheeks,0.008
long_program,-0.021
historic_church,0.035
ornamental_grass,0.07
young_girl,0.022
wet_skirt,-0.002
fast_action,0.024
small_planet,-0.078
next_adventure,-0.005
due_date,0.125
royal_star,0.061
classic_bus,0.078
windy_point,-0.117
big_mountain,0.023
endangered_species,-0.641
healthy_food,0.428
wild_women,-0.021
low_sun,-0.527
special_train,0.132
open_squares,-0.053
eternal_flame,0.039
pacific_cruise,0.097
aerial_hoop,-0.019
forgotten_places,-0.031
big_bumper,0.046
global_issues,-0.031
senseless_destruction,-0.934
pedestrian_street,-0.047
creative_management,0.035
wild_mushrooms,-0.021
exposed_spine,-0.648
deep_impact,0.054
global_hope,-0.062
early_music,-0.01
cool_club,0.317
psychedelic_trance,-0.159
blurry_background,-0.797
young_sign,0.029
pale_skin,-0.097
historic_cars,0.035
hot_air,0.017
various_events,-0.015
exotic_food,0.625
abandoned_home,-0.195
pretty_boy,0.504
great_performance,0.745
little_feet,-0.056
long_center,-0.042
stupid_stuff,-0.753
beautiful_bride,0.488
extreme_macro,-0.002
cold_storage,-0.216
heavy_clouds,-0.013
burning_house,-0.117
royal_family,0.029
awesome_hair,0.75
junior_rugby,-0.104
secret_story,0.013
amateur_model,0.092
formal_garden,0.006
painted_glass,-0.01
low_toy,-0.533
advisory_board,0.031
raging_waters,-0.477
super_moon,0.097
commercial_airliner,-0.094
commercial_road,-0.094
bad_kitty,-0.714
cold_field,-0.216
royal_navy,0.059
exotic_leather,0.312
magic_tour,-0.031
big_wood,0.023
serious_play,-0.337
global_convention,-0.031
religious_objects,-0.01
natural_environment,-0.026
slow_club,-0.062
fiery_sky,-0.136
favorite_plants,0.16
unique_architecture,0.049
big_dog,0.046
spicy_food,-0.12
concrete_architecture,0.082
giant_spider,0.07
magic_shop,-0.031
fake_blood,-0.453
fair_day,0.303
intimate_portrait,0.107
small_boat,-0.078
tropical_rainforest,-0.021
ornery_cats,-0.375
healthy_hike,0.214
gorgeous_woman,0.531
smiling_face,0.609
hidden_object,-0.285
handsome_family,0.41
big_sound,0.023
homeless_people,-0.254
aerial_view,-0.108
fake_flowers,-0.453
grand_arch,0.228
special_occasion,0.272
broken_angel,-0.31
rounded_corners,0.031
dark_angel,-0.124
funny_car,0.078
gentle_breeze,0.303
bad_fashion,-0.714
stuffed_toy,-0.076
unrecognisable_person,-0.196
low_water,-0.527
mixed_building,-0.011
old_railway,0.021
living_legend,0.051
active_lifestyle,-0.005
sexy_death,0.891
happy_memories,0.324
fake_meat,-0.906
strange_animals,-0.003
christian_service,0.035
perfect_day,0.952
young_person,0.009
little_bear,-0.056
long_trip,-0.098
presidential_campaign,-0.015
warm_clothing,0.01
last_breath,-0.034
open_party,-0.053
raw_fish,-0.091
tiny_town,0.062
golden_light,0.287
fallen_tree,-0.01
magical_moments,0.219
foreign_affairs,-0.414
old_memories,0.021
modern_church,0.018
positive_vibes,0.302
working_horse,0.008
lovely_ladies,0.285
bad_guy,-0.357
cool_lighting,0.315
lost_place,-0.165
cute_feet,0.285
bad_sign,-0.714
tough_kid,-0.578
wild_egg,-0.021
misty_water,-0.125
hot_models,0.017
nude_woman,0.117
great_buddha,0.364
light_building,-0.007
final_party,-0.065
traditional_house,0.062
dry_river,-0.057
old_zoo,0.021
flowering_plant,0.016
original_illustrations,-0.031
golden_roof,0.123
catholic_mass,0.098
intense_stare,0.034
bad_dog,-0.893
teen_fashion,0.109
fake_lomo,-0.453
last_chance,-0.068
sweet_boy,0.401
strange_food,-0.01
happy_accident,0.648
criminal_justice,-0.526
good_dog,0.955
golden_sunrise,0.123
golden_festival,0.123
sacred_stone,0.07
sexy_heroine,2.016
alive_youth,0.168
natural_building,-0.026
bright_nights,0.009
tough_love,-0.578
dead_animals,-0.355
long_trail,-0.021
ancient_path,-0.004
long_train,-0.021
lovely_girl,0.573
enchanted_forest,0.07
alarm_clock,-0.25
wet_pavement,-0.002
grand_city,0.228
final_project,-0.065
outdoor_festival,0.004
lost_tribe,-0.165
historic_festival,0.035
pacific_county,0.097
armed_force,0.01
creative_cloud,0.07
nice_view,1.003
pretty_lights,0.246
good_samaritan,0.478
high_performance,0.065
hairy_chest,-0.031
large_craft,0.164
creative_places,0.035
experimental_type,0.042
full_board,0.008
sick_guy,-0.232
lucky_date,0.88
young_workers,0.009
wild_orchid,-0.021
electrical_industry,0.013
scary_clown,-1.368
invisible_man,-0.531
colorful_lights,0.003
double_portrait,-0.013
creative_kids,0.035
mad_dog,-0.421
golden_rectangle,0.123
teen_pregnancy,0.024
outdoor_signage,0.004
large_car,0.04
historic_warbird,0.035
religious_bracelet,-0.01
big_sight,0.048
natural_illumination,-0.053
traditional_building,0.062
open_city,-0.053
young_men,0.009
standing_wave,-0.159
stormy_weather,-0.293
abandoned_church,-0.098
gothic_arch,-0.041
modern_interior,0.018
lyric_theatre,-0.015
colored_smoke,-0.07
long_bike,-0.021
great_friend,1.245
small_landscapes,-0.078
holy_spirit,0.164
stone_church,0.008
big_temple,0.05
nasty_boys,-0.58
personal_perspective,0.025
crazy_crowd,-0.127
candid_portrait,0.034
healthy_eating,0.214
hidden_falls,-0.138
somber_beauty,-0.477
nude_girl,0.237
senior_men,0.065
great_highway,0.364
pacific_war,0.193
arctic_wolves,-0.141
extreme_makeup,-0.002
hairy_woodpecker,-0.031
open_ocean,-0.053
beautiful_morning,0.488
happy_place,0.324
cute_dog,0.57
heavenly_clouds,0.125
ancient_land,-0.008
small_ball,-0.078
natural_girl,-0.053
haunted_prison,0.073
industrial_zone,0.039
gold_dome,-0.008
outdoor_furniture,0.004
spontaneous_portraits,-0.082
sexy_wife,0.446
short_row,-0.16
holy_rosary,0.062
hot_glass,0.017
amateur_sport,0.062
pedestrian_zone,-0.024
soft_pack,-0.024
little_house,-0.056
great_moment,0.739
big_sleep,0.023
classic_boat,0.039
low_income,-0.264
real_fur,-0.029
magic_dancers,-0.031
inspiring_quotes,0.375
pretty_face,0.492
elite_team,0.07
empty_places,0.07
colorful_costumes,0.003
soft_play,-0.031
golden_lion,0.123
happy_team,0.324
industrial_history,0.039
wild_swimming,-0.021
modern_building,0.018
good_day,0.964
sexy_underwear,0.446
dark_rave,-0.124
little_hands,-0.056
cheeky_monkey,-0.125
haunted_house,0.036
medical_center,0.017
lunatic_asylum,-0.625
golden_avenue,0.123
natural_stone,-0.026
heavy_combat,-0.527
fitting_room,0.355
quiet_strength,-0.115
affordable_fashion,0.312
low_light,-0.527
perfect_moment,0.953
historic_landscape,0.07
short_sale,-0.153
ancient_folklore,-0.004
abandoned_resort,-0.195
high_river,0.025
high_park,0.025
lost_lake,-0.165
open_media,-0.053
pure_land,0.066
happy_family,0.324
romantic_road,0.414
sheer_blouse,-0.047
silver_necklace,0.018
gentle_lovers,1.795
outdoor_yoga,0.004
ancient_city,-0.004
holy_shrine,0.062
christian_church,0.035
sunny_bay,0.5
royal_holiday,0.029
small_craft,-0.156
low_tide,-0.527
big_bear,0.023
artificial_snow,-0.104
catholic_education,0.281
funny_tshirts,0.078
lazy_eye,-0.25
creative_wedding,0.035
electric_light,-0.073
fluffy_clouds,0.062
loving_hands,0.656
vivid_girls,0.211
outdoor_ceremony,0.091
funky_house,-0.086
perfect_smile,1.959
athletic_sports,0.034
global_justice,-0.062
pedestrian_area,-0.024
open_shirt,-0.053
adorable_critters,0.5
historic_neighborhood,0.07
tiny_food,0.125
silly_kids,-0.23
arctic_blast,-0.289
bare_skin,-0.068
traditional_tattoo,0.062
large_crowd,0.04
modern_museum,0.018
perfect_body,0.472
painted_portrait,-0.01
arctic_inuit,-0.141
broken_glass,-0.155
electric_train,-0.036
heavy_machinery,-0.013
tight_pants,-0.029
secret_garden,0.006
gothic_girls,-0.041
outdoor_patio,0.004
creative_adult,0.07
soft_water,-0.017
gold_wall,-0.057
medical_occupation,0.008
hard_work,-0.109
ecological_disaster,-0.7
colourful_sky,0.004
evil_clown,-0.868
creative_expression,0.07
light_engine,-0.007
working_girl,0.019
sweet_kiss,1.393
warm_day,0.029
acid_rain,-0.11
creative_circus,0.07
welcome_night,0.5
fat_cat,-0.055
extreme_sailing,-0.002
beautiful_food,0.977
colored_glass,-0.031
snowy_road,0.013
tropical_life,-0.043
cute_boy,0.582
amazing_stories,0.484
veteran_trees,0.125
sad_face,-1.296
tropical_garden,-0.021
old_tractor,0.021
short_wig,-0.161
active_living,-0.005
old_bikes,0.021
calm_water,0.206
giant_tree,0.07
spruce_street,0.128
forced_labour,-0.09
snowy_trees,0.013
concrete_plant,0.164
cool_designs,0.158
sexy_feet,0.446
medical_aid,0.567
strong_winds,0.002
wispy_clouds,0.035
sweet_mom,1.155
exotic_pet,0.625
hidden_treasure,-0.276
fake_tattoo,-0.453
happy_puppy,0.324
clear_view,0.168
dark_rock,-0.124
deep_woods,0.025
last_dinner,-0.034
restless_heart,-0.693
wet_cat,-0.005
long_jetty,-0.021
wicked_reflections,0.078
icy_water,-0.332
wet_dock,-0.002
big_boat,0.023
gloomy_day,-0.891
tiny_world,0.062
native_people,0.002
good_guys,0.478
holy_inspiration,1.148
big_trip,0.046
fresh_flowers,-0.052
virgin_forest,0.015
innocent_world,0.168
broken_head,-0.333
golden_days,0.123
preserved_railway,0.015
little_girl,-0.111
natural_elements,-0.194
strong_island,0.002
unusual_portrait,-0.039
majestic_elegance,1.792
religious_icons,-0.01
tropical_spider,-0.021
global_wildlife,-0.031
sexy_actress,0.446
ancient_culture,-0.008
golden_apple,0.123
long_walk,-0.042
hot_sauce,0.017
modern_family,0.018
golden_ring,0.249
funerary_statue,-0.062
beautiful_scenery,0.488
magic_island,-0.031
eternal_life,0.043
colorful_earth,0.005
rotten_wood,-0.364
long_ears,-0.021
contemporary_artgallery,0.003
creative_tourism,0.035
tropical_paradise,-0.043
wonderful_city,0.531
stone_sculpture,0.008
foggy_bottom,-0.248
low_profile,-0.527
classic_series,0.039
arctic_cathedral,-0.281
colorful_wedding,0.003
native_plants,0.002
good_humor,1.989
haunted_mansion,0.036
hot_lights,0.017
godly_play,0.203
open_sign,-0.106
creative_escape,0.07
classic_portrait,0.039
amateur_drama,0.265
isolated_beach,-0.122
odd_soul,-0.021
artistic_expression,0.385
artistic_wedding,0.193
dental_office,-0.125
global_impact,-0.062
long_path,-0.021
ugly_world,-0.418
silky_water,0.019
dry_climate,-0.057
pretty_dress,0.492
tropical_climate,-0.021
final_season,-0.13
sweet_success,1.506
silent_sleep,-0.022
rocky_coast,-0.129
stony_man,-0.016
great_walk,0.731
wild_hair,-0.021
hot_guys,0.017
symphonic_band,0.036
old_port,0.021
open_roads,-0.168
dark_meat,-0.124
religious_procession,-0.02
dramatic_coastline,0.045
mixed_race,-0.023
dead_eyes,-0.711
big_smile,1.062
outdoor_pool,0.01
pretty_cat,0.492
happy_moment,0.658
candid_wedding,0.034
large_dog,0.08
steep_rock,-0.141
religious_education,-0.02
playing_guitar,0.125
misty_mountains,-0.062
sandy_river,-0.004
beautiful_model,1.007
religious_space,-0.022
haunted_forest,0.036
last_summer,-0.034
global_environment,-0.031
big_country,0.023
old_paper,0.021
juicy_heart,0.144
classic_sailing,0.039
wet_road,-0.002
cloudy_bay,-0.023
cool_tattoos,0.158
reflective_clothing,0.075
fit_people,0.159
glowing_lines,0.281
natural_scenery,-0.026
high_coast,0.025
helping_hand,0.152
wet_petals,-0.002
flat_lake,-0.036
funny_girl,0.159
high_clouds,0.025
derelict_places,-0.052
giant_fish,0.07
fantastic_wildlife,0.281
wild_party,-0.021
final_exam,-0.065
teen_drama,0.25
strange_angel,-0.005
historic_aircraft,0.035
small_group,-0.078
working_room,0.051
ancient_church,-0.004
soft_spot,-0.017
weird_food,-0.411
big_spaceship,0.023
equal_marriage,0.043
long_day,-0.042
ancient_civilization,-0.008
small_space,-0.158
small_boy,-0.156
fancy_dress,-0.146
good_ship,0.478
sour_cherry,-0.397
creative_life,0.074
golden_mountain,0.123
terrorist_attack,-1.53
dirty_bird,-0.538
royal_gardens,0.029
dark_hedges,-0.062
light_stencil,-0.007
happy_life,0.652
sexy_woman,0.446
pastel_hair,-0.024
long_month,-0.021
great_capture,0.729
interesting_buildings,0.196
saved_records,0.043
weird_animals,-0.203
armored_vehicle,-0.003
beautiful_dog,0.977
shy_child,-0.458
golden_poppy,0.123
ethnic_festival,-0.098
lush_foliage,-0.052
stinging_nettle,-0.196
young_fashion,0.081
big_iron,0.023
commercial_production,-0.19
traditional_food,0.125
modern_glass,0.018
golden_isles,0.123
dead_plant,-0.727
last_world,-0.034
sexy_people,0.446
moving_day,0.139
concrete_block,0.164
raining_day,-0.062
light_tunnel,-0.007
good_weather,0.478
lazy_river,-0.125
young_boy,0.031
model_landscape,0.391
relaxed_wedding,0.054
hot_balloon,0.034
dead_apples,-0.355
gorgeous_model,1.092
domestic_animal,0.003
classic_architecture,0.039
happy_mood,0.324
silver_nose,0.053
equal_love,1.11
classic_castle,0.039
precious_stone,0.442
old_hospital,0.066
ancient_secret,-0.004
industrial_archaeology,0.039
informal_settlement,-0.032
wild_tier,-0.043
continuous_light,-0.125
broad_ripple,0.034
modern_life,0.041
small_bar,-0.078
active_child,-0.011
deep_sleep,0.025
last_night,-0.086
organic_agriculture,0.101
good_company,0.478
gorgeous_bride,0.531
set_stills,-0.002
antique_brass,-0.013
funny_baby,0.656
pure_poison,0.065
contemporary_music,0.158
global_business,-0.062
hot_jam,0.034
young_woman,0.009
creative_coast,0.035
compact_car,0.024
strange_music,-0.005
awesome_band,1.505
spiritual_leader,0.01
giant_wheel,0.07
open_run,-0.053
clean_power,0.12
global_crisis,-1.101
special_kids,0.132
outdoor_worship,0.883
holy_men,0.062
light_blur,-0.655
traditional_town,0.062
active_dog,-0.19
mental_asylum,-0.169
weathered_wood,-0.008
painted_house,-0.01
high_elements,0.049
cute_child,0.574
sacred_cow,0.07
brutal_death,-1.854
pretty_lady,0.497
empty_room,0.176
natural_phenomenon,-0.053
exotic_wood,0.312
beautiful_smile,1.993
full_view,0.016
global_community,-0.031
golden_crown,0.247
creepy_places,-0.254
creative_motion,0.07
old_quarter,0.043
early_iron,-0.005
glowing_eyes,0.75
simple_pleasures,1.009
real_friends,-0.019
small_house,-0.078
sacred_mountain,0.07
large_birds,0.04
common_people,-0.041
hot_food,0.034
simple_flowers,0.004
natural_fibers,-0.026
sick_day,-0.464
natural_kids,-0.026
bare_minerals,-0.068
rocky_gorge,-0.129
colored_people,-0.031
cute_guy,0.285
light_brush,-0.057
lovely_feathers,0.285
silver_coast,0.018
personal_growth,0.05
open_education,-0.106
last_stand,-0.073
preserved_bus,0.031
sweet_girl,0.392
abandoned_train,-0.098
medieval_center,-0.005
big_freeze,0.023
secret_world,0.006
exotic_world,0.312
big_chief,0.023
dim_light,-0.397
small_river,-0.078
common_crane,-0.081
high_force,0.049
electric_bass,-0.036
creative_portrait,0.035
unique_jewelry,0.114
cute_doll,0.285
heavy_load,-0.117
holy_hill,0.062
dark_shadows,-0.062
lost_love,-0.33
edible_book,0.031
heavenly_valley,0.125
hardcore_punk,0.312
stray_dogs,-0.363
electric_windows,-0.036
big_bike,0.023
liquid_room,0.071
medieval_city,-0.003
good_records,0.478
light_study,-0.014
deserted_beach,-0.07
light_railway,-0.007
old_schools,0.021
mature_model,0.049
big_city,0.023
short_stories,-0.076
invasive_species,0.043
big_bowl,0.046
amazing_cars,0.484
domestic_dog,0.003
beautiful_teens,0.488
young_talents,0.519
last_trip,-0.124
outdoor_plants,0.004
modern_ruins,0.018
forbidden_places,-0.125
pacific_peak,0.215
happy_times,0.773
theatrical_performance,0.047
outdoor_recreation,0.11
outdoor_games,0.004
prime_rose,0.053
fishy_eye,-0.125
crooked_street,-0.461
small_press,-0.182
foreign_country,-0.207
perfect_game,0.943
historic_landmark,0.074
bipolar_disorder,-0.61
plastic_figures,0.042
rare_species,-0.117
spruce_tree,0.062
arctic_animals,-0.141
hot_dancing,0.017
crazy_fun,-0.253
exterior_paint,0.07
modern_women,0.018
giant_woman,0.07
global_city,-0.031
small_garden,-0.078
hot_summer,0.017
golden_dawn,0.123
golden_ticket,0.275
literary_world,0.011
long_bed,-0.042
liquid_light,0.076
junior_class,-0.208
glacial_valley,-0.222
messy_hair,-0.383
golden_rock,0.754
spherical_harmony,0.033
historic_homes,0.035
interior_lighting,0.028
indoor_lighting,0.008
silver_stars,0.018
grand_mix,0.228
hairless_dog,-0.429
native_birds,0.002
bare_legs,-0.136
catholic_youth,0.205
beautiful_portrait,0.488
environmental_portrait,-0.004
big_baby,0.546
imperial_city,0.028
classic_autos,0.039
super_trees,0.047
small_people,-0.078
super_vacation,0.047
magic_ball,-0.031
democratic_convention,0.058
long_nose,-0.042
old_men,0.021
floral_fabric,0.003
inspirational_quotes,0.446
working_group,0.008
dirty_hill,-0.263
gothic_dolls,-0.041
lax_airport,-0.076
good_stuff,0.955
bright_day,0.028
stuffed_doll,-0.035
long_light,-0.042
fresh_paint,-0.052
religious_sites,-0.01
creative_makeup,0.035
abandoned_farmhouse,-0.098
colourful_costumes,0.004
good_light,0.995
small_apartment,-0.078
pretty_woman,0.246
happy_child,0.652
cold_brew,-0.216
high_energy,0.143
hot_stuff,0.034
medieval_statue,-0.003
last_concert,-0.034
impossible_princess,-0.052
famous_person,0.07
beautiful_flowers,0.488
exquisite_flowers,0.086
scary_forest,-0.656
gothic_theater,-0.041
suicidal_tendencies,-0.125
natural_spirit,-0.053
pretty_tattoos,0.246
old_chevy,0.021
flat_party,-0.036
holy_place,0.062
gummy_worms,-0.015
long_nails,-0.021
pet_store,0.062
poor_quality,-0.612
natural_wood,-0.026
ethnic_minority,-0.216
wet_hair,-0.002
super_actress,0.047
low_aperture,-0.264
big_screen,0.023
small_towns,-0.078
ancient_architecture,-0.004
cute_food,0.57
bad_romance,-0.714
martial_eagle,0.008
fluffy_flowers,0.062
drunk_driving,-0.125
low_clouds,-0.264
painted_turtle,-0.02
modern_jewelry,0.053
silent_cinema,-0.022
aerial_ladder,-0.019
gold_street,-0.008
final_night,-0.148
ancient_building,-0.004
falling_star,-0.026
tiny_house,0.062
sustainable_development,0.196
exotic_cars,0.312
floating_garden,-0.053
teenage_boys,0.024
fair_parade,0.147
heavy_snow,-0.013
short_sleeve,-0.076
sexy_blonde,0.446
portable_home,0.038
dark_expressions,-0.062
creative_sydney,0.035
moving_train,0.065
sensual_street,-0.062
normal_life,-0.004
spiritual_growth,0.02
unbelievable_beauty,-0.375
ancient_tree,-0.004
dreadful_children,-0.63
commercial_street,-0.188
arctic_travel,-0.141
sexy_boobs,0.446
dried_grass,-0.035
little_rebel,-0.611
wonderful_skies,0.531
giant_dog,0.141
shut_eye,-0.07
visual_information,-0.07
arid_climate,0.011
dirty_water,-0.525
shy_guy,-0.229
nude_male,0.117
mixed_flowers,-0.011
lucky_dog,0.88
severed_head,-0.273
long_room,-0.042
warm_tones,0.01
loud_music,-0.042
outdoor_beauty,1.196
modern_couture,0.099
old_street,0.046
mad_magazine,-0.121
big_glasses,0.023
large_group,0.04
outdoor_theatre,0.004
poisonous_plants,-0.456
sweet_love,1.491
convertible_coupe,0.042
grilled_chicken,0.008
young_cat,0.019
homeless_dog,-0.687
heavy_snowfall,-0.013
overcast_sky,-0.125
hot_stove,0.017
real_gem,-0.019
last_visit,-0.034
mature_man,0.02
hot_road,0.017
old_work,0.045
historic_center,0.071
big_break,0.054
visual_diary,-0.035
presidential_candidate,-0.015
fresh_water,-0.105
big_hands,0.023
secondary_school,-0.166
gothic_building,-0.041
secret_snapshots,0.006
sexy_man,0.892
classic_bikes,0.039
dry_flowers,-0.057
big_ships,0.023
rainy_lake,-0.031
dark_room,-0.124
rapid_creek,0.062
great_pumpkin,0.364
old_boat,0.021
silly_hat,-0.492
golden_anniversary,0.123
hot_peppers,0.017
dark_bay,-0.131
easy_star,0.072
superb_masterpiece,0.969
deaf_club,-0.445
muddy_creek,-0.252
progressive_politics,0.626
magic_tricks,-0.562
missing_men,-0.285
natural_selection,-0.026
windy_road,-0.059
seamless_tile,0.102
unusual_weather,-0.039
historic_vehicles,0.035
dental_hygiene,-0.25
historic_ruins,0.035
old_barn,0.021
ancient_monument,-0.008
gothic_romance,-0.081
same_sky,-0.01
wet_guy,-0.002
religious_figures,-0.01
beautiful_face,0.977
naked_lady,-0.031
regal_princess,0.125
outdoor_team,0.004
junior_soccer,-0.104
modern_times,0.162
super_light,0.134
dirty_people,-0.263
magic_frame,-0.062
electrical_tower,0.013
haunted_woods,0.036
frozen_food,-0.244
soaring_eagle,0.035
artistic_nude,0.193
big_birds,0.023
ancient_ruins,-0.004
tropical_forest,-0.021
long_road,-0.021
old_home,0.05
tough_guy,-0.289
gold_stars,-0.004
ancient_temple,-0.008
last_city,-0.034
cold_process,-0.456
high_anxiety,0.049
athletic_men,0.034
light_breeze,-0.014
traditional_paddy,0.062
ancient_capital,-0.004
cloudless_sky,0.07
empty_building,0.07
medieval_palace,-0.003
tall_boots,-0.062
stuffed_animal,-0.211
cute_stuff,0.57
fine_weather,0.328
low_quality,-0.527
shining_rock,0.799
tropical_architecture,-0.021
professional_football,0.006
diffuse_glow,-0.114
rainy_city,-0.031
happy_house,0.324
old_warden,0.021
antique_aircraft,-0.013
sharp_edge,0.029
crude_oil,-0.559
long_range,-0.042
industrial_action,0.094
golden_falls,0.123
industrial_estate,0.039
big_cab,0.023
beautiful_earth,0.977
high_valley,0.025
pacific_harbour,0.097
overcast_day,-0.25
mixed_breed,-0.011
abandoned_places,-0.098
next_year,-0.003
big_car,0.023
low_price,-0.527
fat_tire,-0.553
raw_house,-0.091
big_truck,0.077
classic_plane,0.039
grilled_meat,0.029
dirty_soles,-0.263
deep_snow,0.025
safe_access,0.164
sweet_dreams,0.195
concrete_stain,0.164
active_aging,-0.011
mental_institution,-0.047
high_ground,0.025
long_drink,-0.042
experimental_music,0.236
unique_gifts,0.049
ancient_woodland,-0.004
floating_candles,-0.053
fallen_leaf,-0.01
old_planes,0.021
disused_building,-0.008
magical_kingdom,0.438
tranquil_scene,0.258
beautiful_singer,0.488
sexy_babes,0.446
wide_view,-0.098
dark_trance,-0.194
crazy_clouds,-0.127
casual_clothing,-0.094
young_street,0.022
hidden_world,-0.138
little_lady,-0.111
flat_tire,-0.573
dry_desert,-0.13
drunk_monkey,-0.125
outdoor_play,0.008
light_sculpture,-0.007
pastel_painting,-0.024
pretty_smile,1.508
dry_lake,-0.057
personal_girl,0.053
wet_market,-0.002
sneaky_dees,-0.074
foreign_language,-0.207
sacred_way,0.142
blessed_life,0.462
antique_automobiles,-0.013
rolling_pin,0.008
hairy_bears,-0.031
handsome_men,0.41
fantastic_nature,0.612
lunatic_queen,-0.5
perfect_kiss,1.947
slim_fit,0.117
christian_cemetery,0.035
light_dew,-0.007
little_village,-0.056
holy_ghost,0.125
foggy_morning,-0.123
fake_hair,-0.453
busy_bees,-0.028
dangerous_cult,-0.727
abandoned_area,-0.098
little_brother,-0.111
golden_sunset,0.123
big_garden,0.023
weird_stuff,-0.419
funny_gifs,0.078
colorful_houses,0.003
good_intentions,0.478
cool_school,0.158
dry_leaf,-0.057
delightful_roses,0.531
naked_boy,-0.031
succulent_garden,-0.07
noxious_weed,-1.188
last_days,-0.034
dead_body,-0.355
old_schoolhouse,0.021
formal_party,0.006
crazy_party,-0.127
chubby_bunny,0.008
creative_words,0.07
great_country,0.364
little_shop,-0.056
creative_way,0.071
cold_feet,-0.216
plastic_animals,0.042
wavy_hair,-0.008
perfect_sunset,0.472
big_waves,0.023
organic_chemistry,0.044
outdoor_education,0.094
magical_girl,0.441
royal_theater,0.029
unique_pillow,0.049
pretty_sky,0.246
artificial_flowers,-0.104
electric_fence,-0.036
dark_castle,-0.062
ancient_world,-0.004
broken_leg,-0.155
elevated_view,0.13
open_arms,-0.053
dead_rabbit,-0.355
stunning_place,0.076
linear_perspective,0.006
eternal_city,0.019
old_buses,0.021
sacred_music,0.294
sacred_site,0.07
stone_statue,0.008
holy_ground,0.062
dirty_duo,-0.529
cold_creek,-0.216
visual_emotion,-0.07
good_eye,1.068
elite_woman,0.07
abandoned_industry,-0.195
bad_times,-0.714
